/* Auto-generated by embed_data_segment.py — DO NOT EDIT. */
#include "gen/ds_pool.h"

const uint8_t ds_pool[DS_POOL_SIZE] = {
    0x00, 0x00, 0x00, 0x00, 0x00, 0x00, 0x00, 0x00, 0x00, 0x00, 0x00, 0x00, 0x00, 0x00, 0x00, 0x00, 0x00, 0x00, 0x00, 0x00,
    0x00, 0x00, 0x00, 0x00, 0x00, 0x00, 0x00, 0x00, 0x00, 0x00, 0x00, 0x00, 0x00, 0x00, 0x00, 0x00, 0x00, 0x00, 0x00, 0x00,
    0x00, 0x00, 0x00, 0x00, 0x00, 0x00, 0x00, 0x00, 0x00, 0x00, 0x00, 0x00, 0x00, 0x00, 0x00, 0x00, 0x00, 0x00, 0x00, 0x00,
    0x00, 0x00, 0x00, 0x00, 0x00, 0x00, 0x00, 0x00, 0x00, 0x00, 0x00, 0x00, 0x00, 0x00, 0x00, 0x00, 0x00, 0x00, 0x00, 0x00,
    0x00, 0x00, 0x00, 0x00, 0x00, 0x00, 0x00, 0x00, 0x00, 0x00, 0x00, 0x00, 0x00, 0x00, 0x00, 0x00, 0x00, 0x00, 0x00, 0x00,
    0x00, 0x00, 0x00, 0x00, 0x00, 0x00, 0x00, 0x00, 0x00, 0x00, 0x00, 0x00, 0x00, 0x00, 0x00, 0x00, 0x00, 0x00, 0x00, 0x00,
    0x00, 0x00, 0x00, 0x00, 0x00, 0x00, 0x00, 0x00, 0x00, 0x00, 0x00, 0x00, 0x00, 0x00, 0x00, 0x00, 0x00, 0x00, 0x00, 0x00,
    0x00, 0x00, 0x00, 0x00, 0x00, 0x00, 0x00, 0x00, 0x00, 0x00, 0x00, 0x00, 0x00, 0x00, 0x00, 0x00, 0x00, 0x00, 0x00, 0x00,
    0x00, 0x00, 0x00, 0x00, 0x00, 0x00, 0x00, 0x00, 0x00, 0x00, 0x00, 0x00, 0x00, 0x00, 0x00, 0x00, 0x00, 0x00, 0x00, 0x00,
    0x00, 0x00, 0x00, 0x00, 0x00, 0x00, 0x00, 0x00, 0x00, 0x00, 0x00, 0x00, 0x00, 0x00, 0x00, 0x00, 0x00, 0x00, 0x00, 0x00,
    0x00, 0x00, 0x00, 0x00, 0x00, 0x00, 0x00, 0x00, 0x00, 0x00, 0x00, 0x00, 0x00, 0x00, 0x00, 0x00, 0x00, 0x00, 0x00, 0x00,
    0x00, 0x00, 0x00, 0x00, 0x00, 0x00, 0x00, 0x00, 0x00, 0x00, 0x00, 0x00, 0x00, 0x00, 0x00, 0x00, 0x00, 0x00, 0x00, 0x00,
    0x00, 0x00, 0x00, 0x00, 0x00, 0x00, 0x00, 0x00, 0x00, 0x00, 0x00, 0x00, 0x00, 0x00, 0x00, 0x00, 0x00, 0x00, 0x00, 0x00,
    0x00, 0x00, 0x00, 0x00, 0x00, 0x00, 0x00, 0x00, 0x00, 0x00, 0x00, 0x00, 0x00, 0x00, 0x00, 0x00, 0x00, 0x00, 0x00, 0x00,
    0x00, 0x00, 0x00, 0x00, 0x00, 0x00, 0x00, 0x00, 0x00, 0x00, 0x00, 0x00, 0x00, 0x00, 0x00, 0x00, 0x00, 0x00, 0x00, 0x00,
    0x00, 0x00, 0x00, 0x00, 0x00, 0x00, 0x00, 0x00, 0x00, 0x00, 0x00, 0x00, 0x00, 0x00, 0x00, 0x00, 0x00, 0x00, 0x00, 0x00,
    0x00, 0x00, 0x00, 0x00, 0x00, 0x00, 0x00, 0x00, 0x00, 0x00, 0x00, 0x00, 0x00, 0x00, 0x00, 0x00, 0x00, 0x00, 0x00, 0x00,
    0x00, 0x00, 0x00, 0x00, 0x00, 0x00, 0x00, 0x00, 0x00, 0x00, 0x00, 0x00, 0x00, 0x00, 0x00, 0x00, 0x00, 0x00, 0x00, 0x00,
    0x00, 0x00, 0x00, 0x00, 0x00, 0x00, 0x00, 0x00, 0x00, 0x00, 0x00, 0x00, 0x00, 0x00, 0x00, 0x00, 0x00, 0x00, 0x00, 0x00,
    0x00, 0x00, 0x00, 0x00, 0x00, 0x00, 0x00, 0x00, 0x00, 0x00, 0x00, 0x00, 0x00, 0x00, 0x00, 0x00, 0x00, 0x00, 0x00, 0x00,
    0x00, 0x00, 0x00, 0x00, 0x00, 0x00, 0x00, 0x00, 0x00, 0x00, 0x00, 0x00, 0x00, 0x00, 0x00, 0x00, 0x00, 0x00, 0x00, 0x00,
    0x00, 0x00, 0x00, 0x00, 0x00, 0x00, 0x00, 0x00, 0x00, 0x00, 0x00, 0x00, 0x00, 0x00, 0x00, 0x00, 0x00, 0x00, 0x00, 0x00,
    0x00, 0x00, 0x00, 0x00, 0x00, 0x00, 0x00, 0x00, 0x00, 0x00, 0x00, 0x00, 0x00, 0x00, 0x00, 0x00, 0x00, 0x00, 0x00, 0x00,
    0x00, 0x00, 0x00, 0x00, 0x00, 0x00, 0x00, 0x00, 0x00, 0x00, 0x00, 0x00, 0x00, 0x00, 0x00, 0x00, 0x00, 0x00, 0x00, 0x00,
    0x00, 0x00, 0x00, 0x00, 0x00, 0x00, 0x00, 0x00, 0x00, 0x00, 0x00, 0x00, 0x00, 0x00, 0x00, 0x00, 0x00, 0x00, 0x00, 0x00,
    0x00, 0x00, 0x00, 0x00, 0x00, 0x00, 0x00, 0x00, 0x00, 0x00, 0x00, 0x00, 0x00, 0x00, 0x00, 0x00, 0x00, 0x00, 0x00, 0x00,
    0x00, 0x00, 0x00, 0x00, 0x00, 0x00, 0x00, 0x00, 0x00, 0x00, 0x00, 0x00, 0x00, 0x00, 0x00, 0x00, 0x00, 0x00, 0x00, 0x00,
    0x00, 0x00, 0x00, 0x00, 0x00, 0x00, 0x00, 0x00, 0x00, 0x00, 0x00, 0x00, 0x00, 0x00, 0x00, 0x00, 0x00, 0x00, 0x00, 0x00,
    0x00, 0x00, 0x00, 0x00, 0x00, 0x00, 0x00, 0x00, 0x00, 0x00, 0x00, 0x00, 0x00, 0x00, 0x00, 0x00, 0x00, 0x00, 0x00, 0x00,
    0x00, 0x00, 0x00, 0x00, 0x00, 0x00, 0x00, 0x00, 0x00, 0x00, 0x00, 0x00, 0x00, 0x00, 0x00, 0x00, 0x00, 0x00, 0x00, 0x00,
    0x00, 0x00, 0x00, 0x00, 0x00, 0x00, 0x00, 0x00, 0x00, 0x00, 0x00, 0x00, 0x00, 0x00, 0x00, 0x00, 0x00, 0x00, 0x00, 0x00,
    0x00, 0x00, 0x00, 0x00, 0x00, 0x00, 0x00, 0x00, 0x00, 0x00, 0x00, 0x00, 0x00, 0x00, 0x00, 0x00, 0x00, 0x00, 0x00, 0x00,
    0x00, 0x00, 0x00, 0x00, 0x00, 0x00, 0x00, 0x00, 0x00, 0x00, 0x00, 0x00, 0x00, 0x00, 0x00, 0x00, 0x00, 0x00, 0x00, 0x00,
    0x00, 0x00, 0x00, 0x00, 0x00, 0x00, 0x00, 0x00, 0x00, 0x00, 0x00, 0x00, 0x00, 0x00, 0x00, 0x00, 0x00, 0x00, 0x00, 0x00,
    0x00, 0x00, 0x00, 0x00, 0x00, 0x00, 0x00, 0x00, 0x00, 0x00, 0x00, 0x00, 0x00, 0x00, 0x00, 0x00, 0x00, 0x00, 0x00, 0x00,
    0x00, 0x00, 0x00, 0x00, 0x00, 0x00, 0x00, 0x00, 0x00, 0x00, 0x00, 0x00, 0x00, 0x00, 0x00, 0x00, 0x00, 0x00, 0x00, 0x00,
    0x00, 0x00, 0x00, 0x00, 0x00, 0x00, 0x00, 0x00, 0x00, 0x00, 0x00, 0x00, 0x00, 0x00, 0x00, 0x00, 0x00, 0x00, 0x00, 0x00,
    0x00, 0x00, 0x00, 0x00, 0x00, 0x00, 0x00, 0x00, 0x00, 0x00, 0x00, 0x00, 0x00, 0x00, 0x00, 0x00, 0x00, 0x00, 0x00, 0x00,
    0x00, 0x00, 0x00, 0x00, 0x00, 0x00, 0x00, 0x00, 0x00, 0x00, 0x00, 0x00, 0x00, 0x00, 0x00, 0x00, 0x00, 0x00, 0x00, 0x00,
    0x00, 0x00, 0x00, 0x00, 0x00, 0x00, 0x00, 0x00, 0x00, 0x00, 0x00, 0x00, 0x00, 0x00, 0x00, 0x00, 0x00, 0x00, 0x00, 0x00,
    0x00, 0x00, 0x00, 0x00, 0x00, 0x00, 0x00, 0x00, 0x00, 0x00, 0x00, 0x00, 0x00, 0x00, 0x00, 0x00, 0x00, 0x00, 0x00, 0x00,
    0x00, 0x00, 0x00, 0x00, 0x00, 0x00, 0x00, 0x00, 0x00, 0x00, 0x00, 0x00, 0x00, 0x00, 0x00, 0x00, 0x00, 0x00, 0x00, 0x00,
    0x00, 0x00, 0x00, 0x00, 0x00, 0x00, 0x00, 0x00, 0x00, 0x00, 0x00, 0x00, 0x00, 0x00, 0x00, 0x00, 0x00, 0x00, 0x00, 0x00,
    0x00, 0x00, 0x00, 0x00, 0x00, 0x00, 0x00, 0x00, 0x00, 0x00, 0x00, 0x00, 0x00, 0x00, 0x00, 0x00, 0x00, 0x00, 0x00, 0x00,
    0x00, 0x00, 0x00, 0x00, 0x00, 0x00, 0x00, 0x00, 0x00, 0x00, 0x00, 0x00, 0x00, 0x00, 0x00, 0x00, 0x00, 0x00, 0x00, 0x00,
    0x00, 0x00, 0x00, 0x00, 0x00, 0x00, 0x00, 0x00, 0x00, 0x00, 0x00, 0x00, 0x00, 0x00, 0x00, 0x00, 0x00, 0x00, 0x00, 0x00,
    0x00, 0x00, 0x00, 0x00, 0x00, 0x00, 0x00, 0x00, 0x00, 0x00, 0x00, 0x00, 0x00, 0x00, 0x00, 0x00, 0x00, 0x00, 0x00, 0x00,
    0x00, 0x00, 0x00, 0x00, 0x00, 0x00, 0x00, 0x00, 0x00, 0x00, 0x00, 0x00, 0x00, 0x00, 0x00, 0x00, 0x00, 0x00, 0x00, 0x00,
    0x00, 0x00, 0x00, 0x00, 0x00, 0x00, 0x00, 0x00, 0x00, 0x00, 0x00, 0x00, 0x00, 0x00, 0x00, 0x00, 0x00, 0x00, 0x00, 0x00,
    0x00, 0x00, 0x00, 0x00, 0x00, 0x00, 0x00, 0x00, 0x00, 0x00, 0x00, 0x00, 0x00, 0x00, 0x00, 0x00, 0x00, 0x00, 0x00, 0x00,
    0x00, 0x00, 0x00, 0x00, 0x00, 0x00, 0x00, 0x00, 0x00, 0x00, 0x00, 0x00, 0x00, 0x00, 0x00, 0x00, 0x00, 0x00, 0x00, 0x00,
    0x00, 0x00, 0x00, 0x00, 0x00, 0x00, 0x00, 0x00, 0x00, 0x00, 0x00, 0x00, 0x00, 0x00, 0x00, 0x00, 0x00, 0x00, 0x00, 0x00,
    0x00, 0x00, 0x00, 0x00, 0x00, 0x00, 0x00, 0x00, 0x00, 0x00, 0x00, 0x00, 0x00, 0x00, 0x00, 0x00, 0x00, 0x04, 0x04, 0x01,
    0x01, 0x03, 0x03, 0x05, 0x05, 0x06, 0x06, 0x04, 0x01, 0x01, 0x03, 0x04, 0x05, 0x06, 0x00, 0x00, 0x00, 0x00, 0x00, 0x00,
    0x00, 0x00, 0x00, 0x00, 0x00, 0x00, 0x00, 0x00, 0xaf, 0xfa, 0x4f, 0xf4, 0xaf, 0xfa, 0xaf, 0xfa, 0xaf, 0xfa, 0xbf, 0xfa,
    0xff, 0xfa, 0xfe, 0xaa, 0xbf, 0xea, 0x7f, 0xc4, 0xbf, 0xea, 0xbf, 0xea, 0xbf, 0xea, 0xbf, 0xfa, 0xbf, 0xfe, 0xaa, 0xfe,
    0xbe, 0xaa, 0xab, 0xea, 0x7f, 0xc4, 0x7f, 0xc4, 0xbf, 0xea, 0xbf, 0xea, 0xbf, 0xfa, 0xff, 0xea, 0xab, 0xff, 0xfe, 0xaa,
    0xab, 0xff, 0xfe, 0xaa, 0xaa, 0xbf, 0xea, 0xaa, 0xaa, 0xaa, 0xaa, 0xaa, 0xaf, 0xaa, 0xff, 0xd4, 0xff, 0xfe, 0xbf, 0xff,
    0xaf, 0xff, 0xaf, 0xfe, 0xaf, 0xfa, 0xaf, 0xaa, 0xaf, 0xaa, 0xaa, 0xfa, 0xff, 0x11, 0x1f, 0xff, 0xff, 0xea, 0xaf, 0xff,
    0xff, 0xfa, 0xff, 0xff, 0xfa, 0xff, 0xff, 0xaf, 0xfa, 0xf7, 0xff, 0xaf, 0xaa, 0xff, 0xff, 0xaa, 0xaa, 0xf7, 0xff, 0xaa,
    0xaa, 0xff, 0xff, 0xaa, 0xaa, 0xf7, 0xff, 0xaa, 0xaa, 0xff, 0xff, 0xea, 0xaa, 0xf7, 0xff, 0xea, 0xab, 0xff, 0xef, 0xfa,
    0xab, 0xfe, 0xaf, 0xfa, 0xaf, 0xea, 0xaa, 0xfa, 0xaa, 0xaa, 0xab, 0xea, 0x80, 0x04, 0x40, 0x04, 0x50, 0x04, 0x00, 0x00,
    0x00, 0x00, 0x00, 0x00, 0x00, 0x00, 0x00, 0x00, 0x00, 0x00, 0x00, 0x00, 0x00, 0x00, 0x00, 0x00, 0x00, 0x00, 0x00, 0x00,
    0x00, 0x00, 0x00, 0x00, 0x00, 0x00, 0x00, 0x00, 0x00, 0x00, 0x00, 0x00, 0x00, 0x00, 0x00, 0x00, 0x00, 0x00, 0x00, 0x00,
    0x00, 0x00, 0x00, 0x00, 0x00, 0x00, 0x00, 0x00, 0x00, 0x00, 0x00, 0x00, 0x00, 0x00, 0x00, 0x00, 0x00, 0x00, 0x00, 0x00,
    0x00, 0x00, 0x00, 0xbe, 0x03, 0x41, 0x06, 0xbe, 0x0d, 0x40, 0x01, 0x8f, 0x06, 0x40, 0x0b, 0x00, 0x00, 0x00, 0x03, 0x00,
    0x03, 0xff, 0x01, 0xff, 0x80, 0x30, 0x00, 0x00, 0x00, 0x00, 0x64, 0x50, 0x46, 0x3c, 0x37, 0x32, 0x28, 0x28, 0x4b, 0x6b,
    0x8b, 0x2e, 0x4e, 0x6e, 0x00, 0x00, 0x09, 0x0a, 0x00, 0x00, 0x00, 0x00, 0x00, 0x00, 0x00, 0x00, 0x00, 0x00, 0x00, 0x00,
    0x00, 0x00, 0x00, 0x00, 0x00, 0x00, 0x00, 0x00, 0x00, 0x00, 0x00, 0x00, 0x00, 0x00, 0x00, 0x00, 0x00, 0x00, 0x00, 0x00,
    0x00, 0x00, 0x00, 0x00, 0x00, 0x00, 0x00, 0x00, 0x00, 0x00, 0x00, 0x00, 0x00, 0x00, 0x00, 0x00, 0x00, 0x00, 0x00, 0x00,
    0x00, 0x00, 0x00, 0x00, 0x00, 0x00, 0x00, 0x00, 0x00, 0x00, 0x00, 0x00, 0x00, 0x00, 0x00, 0x00, 0x00, 0x20, 0x01, 0xd8,
    0x00, 0xc0, 0x00, 0xc0, 0x00, 0xc0, 0x00, 0xc0, 0x00, 0xb8, 0x00, 0xb0, 0x00, 0x68, 0x01, 0x20, 0x01, 0x08, 0x01, 0x08,
    0x01, 0x08, 0x01, 0x08, 0x01, 0x00, 0x01, 0xf8, 0x00, 0x48, 0x00, 0x36, 0x00, 0x30, 0x00, 0x30, 0x00, 0x30, 0x00, 0x30,
    0x00, 0x2e, 0x00, 0x2c, 0x00, 0x90, 0x00, 0x6c, 0x00, 0x60, 0x00, 0x60, 0x00, 0x60, 0x00, 0x60, 0x00, 0x5c, 0x00, 0x58,
    0x00, 0xd8, 0x00, 0xa2, 0x00, 0x90, 0x00, 0x90, 0x00, 0x90, 0x00, 0x90, 0x00, 0x8a, 0x00, 0x84, 0x00, 0xa0, 0x00, 0x90,
    0x00, 0x96, 0x00, 0x58, 0x00, 0x00, 0x01, 0xf0, 0x00, 0x40, 0x00, 0x98, 0x00, 0x14, 0x60, 0x04, 0x60, 0x60, 0x60, 0x38,
    0xaf, 0x00, 0x00, 0x00, 0x00, 0x00, 0x00, 0x00, 0x00, 0x00, 0x00, 0x00, 0x00, 0x00, 0x00, 0x00, 0x00, 0x00, 0x00, 0x00,
    0x00, 0x00, 0x00, 0x00, 0x00, 0x00, 0x00, 0x00, 0x00, 0x00, 0x00, 0x00, 0x00, 0x00, 0x00, 0x00, 0x00, 0x00, 0x00, 0x00,
    0x00, 0x00, 0x00, 0x00, 0x00, 0x00, 0x00, 0x00, 0x00, 0x00, 0x00, 0x00, 0x00, 0x00, 0x00, 0x00, 0x00, 0x00, 0x00, 0x00,
    0x00, 0x00, 0x00, 0x00, 0x00, 0x00, 0x00, 0x00, 0x00, 0x00, 0x00, 0x00, 0x00, 0x00, 0x00, 0x00, 0x00, 0x00, 0x00, 0x00,
    0x00, 0x00, 0x00, 0x00, 0x00, 0x00, 0x00, 0x00, 0x00, 0x00, 0x00, 0x00, 0x00, 0x00, 0x00, 0x3c, 0x3f, 0x0c, 0xc0, 0x3f,
    0x0f, 0xfc, 0x3f, 0x0c, 0xc3, 0x3f, 0x0c, 0x0c, 0x3f, 0x0c, 0xc0, 0x0f, 0x0f, 0x0c, 0x3f, 0x0c, 0xc3, 0xcf, 0x00, 0x0c,
    0x03, 0x00, 0xc0, 0x0f, 0x04, 0x00, 0x06, 0x00, 0x08, 0x00, 0x0a, 0x00, 0x0c, 0x00, 0x0c, 0x00, 0x0c, 0x00, 0x0c, 0x00,
    0x03, 0x03, 0x04, 0x04, 0x04, 0x04, 0x04, 0x04, 0x00, 0x00, 0x00, 0x00, 0x00, 0x00, 0x00, 0x00, 0x00, 0x00, 0x00, 0x00,
    0x00, 0x00, 0x00, 0x00, 0x00, 0x00, 0x00, 0x00, 0x00, 0x00, 0x00, 0x00, 0x00, 0x00, 0x00, 0x00, 0x00, 0x38, 0x48, 0x4d,
    0x50, 0x4b, 0x49, 0x51, 0x4f, 0x47, 0x01, 0x15, 0x31, 0x25, 0x23, 0x14, 0x1e, 0x1f, 0x13, 0x1d, 0x53, 0x32, 0x0a, 0x00,
    0x00, 0x00, 0x00, 0x00, 0x00, 0x00, 0x00, 0x00, 0x00, 0x00, 0x00, 0x00, 0x00, 0x00, 0x00, 0x00, 0x00, 0x00, 0x00, 0x00,
    0x00, 0x00, 0x00, 0x00, 0xfc, 0x0f, 0xff, 0xff, 0xff, 0xff, 0xff, 0xc3, 0xff, 0xff, 0xff, 0xff, 0xff, 0x0f, 0xff, 0xff,
    0xff, 0xff, 0x0c, 0x3f, 0xff, 0xff, 0xff, 0xff, 0xc0, 0x3c, 0x03, 0xfc, 0x3f, 0x3f, 0xfc, 0x00, 0x00, 0x3c, 0x00, 0x3f,
    0xf0, 0x00, 0x00, 0x00, 0xc0, 0xcf, 0xc0, 0x00, 0x00, 0x00, 0x00, 0x03, 0xc3, 0xc0, 0x00, 0x00, 0x00, 0x0f, 0x0f, 0xff,
    0xc0, 0x03, 0x03, 0xff, 0xff, 0xff, 0xff, 0xff, 0xc0, 0xff, 0xff, 0xff, 0xff, 0xff, 0xfc, 0x3f, 0xff, 0x0f, 0xff, 0xff,
    0xff, 0xff, 0xfc, 0x3f, 0xff, 0xff, 0xff, 0xff, 0xfc, 0xff, 0xff, 0xf0, 0xff, 0xff, 0xfc, 0x3f, 0xff, 0xc3, 0xff, 0xff,
    0x0f, 0x0c, 0x03, 0x0f, 0x0f, 0xcf, 0xc3, 0x00, 0x00, 0x0f, 0x00, 0x0f, 0xf0, 0x00, 0x00, 0x00, 0x30, 0x33, 0xf0, 0x00,
    0x00, 0x00, 0x00, 0x00, 0x00, 0xf0, 0x00, 0x00, 0x00, 0x03, 0x3f, 0xff, 0xff, 0x00, 0x03, 0xff, 0xff, 0xff, 0xff, 0xf0,
    0xff, 0xff, 0xff, 0xff, 0xff, 0xfc, 0x3f, 0xff, 0xff, 0xff, 0xff, 0xff, 0x0f, 0xff, 0xf0, 0xff, 0xff, 0xff, 0xff, 0xff,
    0xfc, 0x3f, 0xff, 0xff, 0xff, 0xff, 0xff, 0x0f, 0xfc, 0x3f, 0x0f, 0xcf, 0xff, 0xc0, 0xff, 0x03, 0x00, 0x0f, 0xc0, 0xc0,
    0x03, 0xc0, 0x30, 0x33, 0xfc, 0x00, 0x00, 0x00, 0x00, 0x00, 0x00, 0x00, 0x00, 0x00, 0x00, 0x03, 0xf0, 0xc0, 0x00, 0x00,
    0x03, 0xff, 0xff, 0xff, 0x00, 0xfc, 0x3f, 0xff, 0xff, 0xff, 0xff, 0xc0, 0xff, 0xff, 0xff, 0xff, 0xff, 0xff, 0xf0, 0x3f,
    0xff, 0xff, 0xff, 0xff, 0xc3, 0xff, 0xff, 0xff, 0xff, 0xff, 0xf0, 0xff, 0xff, 0xff, 0xff, 0xff, 0xfc, 0x30, 0xfc, 0xfc,
    0x3f, 0xc0, 0x3c, 0x03, 0xfc, 0x00, 0x3c, 0x00, 0x00, 0x3f, 0xf3, 0x03, 0x00, 0x00, 0x00, 0x0f, 0xc0, 0x00, 0x00, 0x00,
    0x00, 0x03, 0xf0, 0x00, 0x00, 0x00, 0x03, 0xc3, 0xff, 0xc0, 0xc0, 0x03, 0xff, 0xf0, 0xff, 0x03, 0xff, 0xff, 0xff, 0xff,
    0xfc, 0x3f, 0xff, 0xff, 0xff, 0xff, 0xff, 0xff, 0xff, 0xff, 0xf0, 0xff, 0xff, 0xff, 0xff, 0xff, 0xfc, 0x3f, 0xff, 0xff,
    0x0f, 0xff, 0xff, 0x3f, 0xff, 0xff, 0xc3, 0xff, 0xfc, 0x3f, 0xf3, 0xf0, 0xf0, 0xc0, 0x30, 0xf0, 0xf0, 0x00, 0xf0, 0x00,
    0x00, 0xc3, 0xcc, 0x0c, 0x00, 0x00, 0x00, 0x0f, 0x00, 0x00, 0x00, 0x00, 0x00, 0x0f, 0xc0, 0x00, 0x00, 0x00, 0x0f, 0x00,
    0xff, 0xc0, 0x00, 0xff, 0xff, 0xfc, 0xff, 0xff, 0x0f, 0xff, 0xff, 0xff, 0xff, 0xfc, 0x3f, 0xff, 0xff, 0xff, 0xff, 0xf0,
    0xff, 0xff, 0xff, 0xff, 0xff, 0xff, 0xff, 0xff, 0xff, 0x0f, 0xff, 0xff, 0xff, 0xff, 0xfc, 0x3f, 0xf3, 0xf0, 0xfc, 0x3f,
    0xf0, 0xff, 0xf0, 0x00, 0xc0, 0xff, 0x03, 0xff, 0xcc, 0x0c, 0x03, 0xc0, 0x03, 0x03, 0x00, 0x00, 0x00, 0x00, 0x00, 0x3f,
    0xc0, 0x00, 0x00, 0x00, 0x00, 0x00, 0xff, 0xc0, 0x00, 0x00, 0x03, 0x0f, 0xff, 0xfc, 0x3f, 0x00, 0xff, 0xff, 0xff, 0xff,
    0x03, 0xff, 0xff, 0xff, 0xff, 0xff, 0xff, 0xff, 0xff, 0xff, 0xff, 0xff, 0xc3, 0xc3, 0xff, 0xff, 0xff, 0xff, 0xc0, 0x00,
    0xff, 0xff, 0xff, 0xff, 0x0c, 0x0c, 0x3f, 0xff, 0xff, 0xff, 0x00, 0x00, 0xff, 0xff, 0xff, 0xc3, 0xc0, 0x0f, 0xc3, 0xff,
    0xff, 0xf0, 0x00, 0x00, 0x0f, 0xff, 0xff, 0xff, 0x00, 0x00, 0xff, 0xff, 0xf0, 0x0f, 0x00, 0x0f, 0xff, 0xff, 0x03, 0xc0,
    0x00, 0x03, 0xff, 0xff, 0xff, 0xf0, 0x00, 0x00, 0xff, 0xff, 0xff, 0xf0, 0x00, 0x00, 0xff, 0xff, 0xff, 0xc0, 0xff, 0xf0,
    0x3f, 0xff, 0xff, 0x0f, 0xff, 0xff, 0x0f, 0xff, 0xff, 0xff, 0xc3, 0xc3, 0xff, 0xff, 0xff, 0xff, 0xc0, 0x00, 0xff, 0xff,
    0xff, 0xff, 0x0c, 0x0c, 0x3f, 0xff, 0xff, 0xff, 0x00, 0x00, 0xff, 0xff, 0xff, 0xff, 0xc0, 0x0f, 0xff, 0xff, 0xff, 0xfc,
    0x00, 0x03, 0xff, 0xff, 0xff, 0xf0, 0x00, 0x00, 0xff, 0xff, 0xff, 0xc3, 0x00, 0x0c, 0x3f, 0xff, 0xff, 0xfc, 0x00, 0x0f,
    0x0f, 0xff, 0x0f, 0x00, 0x00, 0x03, 0xff, 0xff, 0xc0, 0x30, 0x00, 0x03, 0xff, 0xff, 0xff, 0xfc, 0x3f, 0xc3, 0xff, 0xff,
    0xff, 0xff, 0x0f, 0x0f, 0xff, 0xff, 0xff, 0xff, 0xc3, 0xff, 0xfc, 0x3f, 0x0f, 0xc3, 0xff, 0x0f, 0xc3, 0x0f, 0xff, 0x0f,
    0x0f, 0x0f, 0xff, 0xc0, 0x00, 0x0f, 0xff, 0xf0, 0x00, 0x3f, 0xff, 0xc0, 0x00, 0xff, 0xff, 0x00, 0x00, 0x3f, 0xf0, 0x00,
    0x00, 0x0f, 0xc3, 0xf0, 0x0f, 0xc3, 0xff, 0x00, 0x03, 0xff, 0xfc, 0x00, 0x00, 0xff, 0xfc, 0x00, 0x03, 0xff, 0xff, 0x0f,
    0xc3, 0xff, 0xff, 0xc3, 0x30, 0xff, 0xff, 0x0f, 0x3c, 0x3f, 0xff, 0x0c, 0x0f, 0x0f, 0xff, 0xc0, 0x00, 0x3f, 0xf0, 0xf0,
    0x00, 0xff, 0xfc, 0x00, 0x00, 0xc3, 0xff, 0x00, 0x00, 0x0f, 0xff, 0xc0, 0x00, 0xff, 0xff, 0xf0, 0x0f, 0xff, 0xff, 0x00,
    0x03, 0xff, 0xfc, 0x00, 0x00, 0xff, 0xfc, 0x00, 0x03, 0xff, 0xff, 0x0f, 0xc3, 0xff, 0xf0, 0xff, 0x0f, 0xff, 0xf0, 0x00,
    0x0f, 0xff, 0xc3, 0x00, 0xc3, 0xff, 0xf0, 0x00, 0x00, 0x3f, 0xff, 0x00, 0x00, 0x0f, 0xf0, 0x00, 0x0f, 0x03, 0xc0, 0x00,
    0x03, 0xf0, 0x0f, 0x00, 0xf0, 0x3f, 0x3f, 0xff, 0xff, 0x0f, 0xd0, 0x06, 0x18, 0x07, 0x66, 0x07, 0x18, 0x07, 0xa2, 0x07,
    0xea, 0x07, 0x38, 0x08, 0xea, 0x07, 0x74, 0x08, 0xc8, 0x08, 0x16, 0x09, 0x4e, 0x09, 0x82, 0x09, 0x03, 0x0c, 0x03, 0x0d,
    0x03, 0x0a, 0x03, 0x0d, 0x03, 0x0c, 0x03, 0x0d, 0x03, 0x0a, 0x03, 0x0d, 0x03, 0x0e, 0x03, 0x0d, 0x02, 0x0e, 0x02, 0x0d,
    0x02, 0x09, 0xff, 0xff, 0x0f, 0x0f, 0xff, 0xff, 0xff, 0xfc, 0x00, 0x0f, 0xff, 0xff, 0xff, 0xf0, 0x00, 0x03, 0xff, 0xff,
    0xff, 0xf0, 0x00, 0x0f, 0x0f, 0xff, 0xff, 0xff, 0x00, 0xfc, 0x3f, 0xff, 0xff, 0x0c, 0x00, 0x00, 0xff, 0xff, 0xff, 0xc0,
    0x00, 0x03, 0xff, 0xff, 0xff, 0xff, 0x00, 0x0f, 0xff, 0xff, 0xff, 0xfc, 0x00, 0x3f, 0xff, 0xff, 0xff, 0xf0, 0x00, 0x0f,
    0xff, 0xff, 0x03, 0x00, 0x00, 0x0f, 0xff, 0xff, 0xf0, 0x30, 0x00, 0x03, 0xff, 0xff, 0xff, 0xfc, 0x0f, 0xf0, 0xff, 0xff,
    0xff, 0xff, 0xc3, 0xff, 0xff, 0xff, 0xff, 0xff, 0xc3, 0xc3, 0xff, 0xff, 0xff, 0xff, 0x00, 0x03, 0xff, 0xff, 0xff, 0xfc,
    0x00, 0x00, 0xff, 0xff, 0xff, 0xfc, 0x00, 0x03, 0xff, 0xff, 0xff, 0x0f, 0xc0, 0x3f, 0x0f, 0xff, 0xff, 0xc0, 0x00, 0x00,
    0x3f, 0xff, 0xff, 0xfc, 0x00, 0x03, 0xff, 0xff, 0xc0, 0x30, 0x00, 0x3f, 0xff, 0xff, 0x0f, 0x00, 0x00, 0x3f, 0xff, 0xff,
    0xff, 0xc0, 0x00, 0x0f, 0xff, 0xff, 0xff, 0xc0, 0x00, 0x0f, 0xff, 0xff, 0xff, 0x00, 0xff, 0x03, 0xff, 0xff, 0xfc, 0x0f,
    0xff, 0xf0, 0xff, 0xff, 0xff, 0xff, 0xff, 0x0f, 0xff, 0xff, 0xff, 0xff, 0xfc, 0x3f, 0xff, 0xff, 0xff, 0x0f, 0x0f, 0x0f,
    0xff, 0xff, 0xff, 0x00, 0x0c, 0x3f, 0xff, 0xff, 0xfc, 0xc0, 0xc0, 0x0f, 0xff, 0xff, 0xf0, 0x00, 0x00, 0x0f, 0xff, 0xff,
    0xfc, 0x00, 0x00, 0x03, 0xff, 0xff, 0xff, 0xc0, 0x00, 0xc0, 0xff, 0xff, 0xff, 0x00, 0x03, 0xf0, 0x3f, 0xff, 0xfc, 0x00,
    0x00, 0xff, 0x0f, 0xff, 0xf0, 0xc0, 0x30, 0x3f, 0xff, 0xff, 0xc3, 0xff, 0xff, 0x0f, 0xff, 0xff, 0x0f, 0xff, 0xff, 0xc3,
    0xff, 0xff, 0xff, 0xff, 0xff, 0xfc, 0x3f, 0x3f, 0xff, 0xff, 0xff, 0xf0, 0x00, 0x3f, 0xff, 0xff, 0xff, 0xc0, 0xc0, 0xcf,
    0xff, 0xff, 0xff, 0xf0, 0x00, 0x3f, 0xff, 0xff, 0xfc, 0x00, 0x03, 0xff, 0xff, 0xff, 0xc0, 0x00, 0x00, 0x3f, 0xc0, 0xff,
    0x00, 0x00, 0x03, 0x03, 0xc0, 0x00, 0x00, 0x3f, 0xc0, 0xff, 0xff, 0xc0, 0x00, 0x3f, 0xfc, 0x3f, 0xff, 0x0c, 0x03, 0xff,
    0xff, 0xff, 0xff, 0xfc, 0x3f, 0xff, 0xff, 0xff, 0xff, 0xf0, 0xff, 0xff, 0xff, 0xff, 0xf3, 0xf0, 0xff, 0xff, 0xff, 0xff,
    0xf0, 0x00, 0x3f, 0xff, 0xff, 0xff, 0xcc, 0x0c, 0x0f, 0xff, 0xff, 0xff, 0xf0, 0x00, 0x3f, 0xff, 0xff, 0xff, 0xff, 0x00,
    0x00, 0xff, 0xff, 0xff, 0xf0, 0x00, 0x00, 0x0f, 0xff, 0xff, 0x03, 0x00, 0x00, 0x03, 0xfc, 0x0f, 0xfc, 0x0f, 0xf0, 0x00,
    0x00, 0xc3, 0xf0, 0xff, 0xf0, 0x00, 0x0f, 0xff, 0xff, 0xff, 0xff, 0x00, 0xc3, 0xff, 0xff, 0xff, 0xff, 0xf0, 0xff, 0xff,
    0xff, 0xff, 0xff, 0xfc, 0x3f, 0xff, 0xff, 0xc0, 0xff, 0xff, 0xff, 0xff, 0xfc, 0x0c, 0x03, 0xff, 0xc3, 0xc3, 0x00, 0xf0,
    0x00, 0x3c, 0x00, 0x03, 0xff, 0xc0, 0x00, 0x00, 0x0c, 0x0c, 0xff, 0xc0, 0x00, 0x00, 0x00, 0x03, 0xfc, 0x00, 0x00, 0x00,
    0x00, 0xff, 0xfc, 0x00, 0xfc, 0x00, 0x00, 0x3f, 0xc0, 0xff, 0xff, 0xf0, 0x3f, 0x03, 0xff, 0xff, 0xff, 0xfc, 0x0f, 0xff,
    0xff, 0xff, 0xff, 0xff, 0xc3, 0xff, 0xff, 0xff, 0xff, 0xff, 0x03, 0xff, 0xc3, 0xc3, 0xff, 0xc0, 0x30, 0x3f, 0xc0, 0x00,
    0x3c, 0x00, 0x0f, 0x00, 0x30, 0x30, 0x00, 0x00, 0x03, 0xff, 0xc0, 0x00, 0x00, 0x00, 0x03, 0xff, 0xff, 0x00, 0x00, 0x00,
    0x00, 0x3f, 0xfc, 0x00, 0x00, 0x3f, 0x00, 0x3f, 0xc0, 0xfc, 0x0f, 0xff, 0xff, 0x03, 0xff, 0xf0, 0x3f, 0xff, 0xff, 0xff,
    0xff, 0xc3, 0xff, 0xff, 0xff, 0xff, 0xc3, 0xff, 0xff, 0xff, 0xcf, 0xff, 0x3c, 0xff, 0xff, 0xff, 0x00, 0xff, 0x0f, 0xff,
    0xff, 0xff, 0x03, 0x3f, 0xcf, 0xfc, 0x03, 0xfc, 0x00, 0x0f, 0xc0, 0xf0, 0x00, 0x0c, 0x00, 0x3f, 0xf0, 0x00, 0x00, 0x00,
    0x00, 0xff, 0xfc, 0x00, 0x00, 0x00, 0x03, 0xff, 0xfc, 0x30, 0x0c, 0x00, 0xc3, 0xff, 0xf0, 0xfc, 0x3f, 0xc3, 0xf0, 0xff,
    0xf0, 0xfc, 0x3f, 0xc3, 0xff, 0x3f, 0xfc, 0xff, 0x0f, 0xf0, 0xff, 0xff, 0xf3, 0xff, 0xff, 0xff, 0xff, 0xff, 0x0f, 0xff,
    0xff, 0xff, 0xfc, 0xff, 0x3f, 0xff, 0xff, 0xff, 0xf0, 0x0f, 0x0f, 0xff, 0xf0, 0x03, 0xc0, 0x33, 0xc0, 0xfc, 0x00, 0x00,
    0x00, 0x00, 0xf0, 0x00, 0x00, 0x00, 0x00, 0x03, 0xff, 0x00, 0x00, 0xc0, 0x00, 0x0f, 0xff, 0xc0, 0x0f, 0xff, 0x00, 0xff,
    0xff, 0x0c, 0x3f, 0xff, 0x0c, 0x3f, 0xff, 0x0c, 0x3f, 0xfc, 0x3c, 0x3f, 0xff, 0xc3, 0x0f, 0xff, 0xff, 0x0f, 0xff, 0xff,
    0xff, 0xff, 0xff, 0xff, 0x3f, 0xff, 0xff, 0xff, 0xfc, 0xff, 0x03, 0xff, 0xff, 0xff, 0xf0, 0x0f, 0xf0, 0xff, 0xfc, 0x03,
    0xc0, 0x33, 0xfc, 0x3c, 0x00, 0x00, 0x00, 0x00, 0xff, 0x00, 0x00, 0x00, 0x00, 0x03, 0xff, 0x00, 0x00, 0x00, 0x00, 0x0f,
    0xff, 0xf0, 0x00, 0x00, 0x03, 0xff, 0xff, 0xfc, 0x03, 0xfc, 0x0f, 0xff, 0xff, 0xfc, 0x3f, 0xfc, 0x3f, 0xff, 0xff, 0xff,
    0x0f, 0xff, 0x0f, 0xff, 0xff, 0xff, 0xff, 0xff, 0xff, 0xff, 0xff, 0xff, 0xff, 0xff, 0xfc, 0xff, 0xc3, 0xff, 0xff, 0xff,
    0xf0, 0x0f, 0x30, 0xff, 0xc0, 0x0f, 0xc0, 0x33, 0xfc, 0xf0, 0x00, 0x00, 0x00, 0x00, 0xfc, 0x00, 0x00, 0x00, 0x00, 0x03,
    0xff, 0x00, 0x00, 0x00, 0x00, 0x0f, 0xff, 0xf0, 0x00, 0xf0, 0x03, 0xff, 0xff, 0xc3, 0x03, 0xfc, 0x03, 0xff, 0xff, 0xc3,
    0x0f, 0xfc, 0x33, 0xff, 0xff, 0xf3, 0xcf, 0xff, 0x33, 0xff, 0xff, 0xff, 0xff, 0xff, 0xf3, 0xff, 0xc0, 0xff, 0xff, 0xff,
    0xc0, 0x3f, 0x0c, 0x3f, 0xff, 0xff, 0x00, 0xcf, 0xff, 0x0f, 0x00, 0x3f, 0x00, 0x03, 0xff, 0x00, 0x00, 0x00, 0x00, 0x0f,
    0xff, 0xc0, 0x00, 0x00, 0x00, 0x3f, 0xff, 0xc0, 0x00, 0x00, 0x00, 0xff, 0xff, 0xc0, 0x00, 0x30, 0x03, 0xff, 0xff, 0x03,
    0x03, 0xfc, 0x30, 0xff, 0xff, 0x0f, 0xc3, 0xfc, 0x3c, 0xff, 0xff, 0xcf, 0xf3, 0xfc, 0xff, 0x3f, 0x0f, 0xff, 0xff, 0xff,
    0x3f, 0xff, 0xf3, 0xff, 0xff, 0xfc, 0x03, 0xff, 0xc3, 0xff, 0xff, 0xf0, 0x0c, 0xff, 0x0f, 0xc0, 0x03, 0xf0, 0x00, 0x3f,
    0xc0, 0x00, 0x00, 0x00, 0x00, 0xff, 0xf0, 0x00, 0x00, 0x00, 0x03, 0xff, 0xff, 0x00, 0x00, 0x00, 0x0f, 0xff, 0xfc, 0x30,
    0x0c, 0x00, 0x3f, 0xff, 0xf0, 0x3c, 0x3f, 0x0c, 0x0f, 0xff, 0xf0, 0xfc, 0x3f, 0x0f, 0x0f, 0xff, 0xc3, 0xff, 0x0c, 0x3f,
    0xcf, 0xff, 0xff, 0x3f, 0xff, 0xff, 0xfc, 0x3f, 0xf0, 0x0f, 0xff, 0xff, 0xf3, 0xcf, 0xcc, 0x0f, 0xff, 0xff, 0xff, 0x0f,
    0x00, 0x03, 0xfc, 0x03, 0xff, 0x3f, 0xc0, 0x03, 0x00, 0x00, 0xf0, 0x3f, 0xf0, 0x00, 0x00, 0x00, 0x00, 0xff, 0xfc, 0x00,
    0x00, 0x00, 0x03, 0xff, 0xfc, 0x30, 0x03, 0x00, 0xc3, 0xff, 0xf0, 0xfc, 0x3f, 0xc3, 0xf0, 0xff, 0xcf, 0xfc, 0x3f, 0xc3,
    0xf0, 0xff, 0xff, 0xf0, 0xff, 0x0f, 0xf3, 0xff, 0xff, 0xff, 0xff, 0xff, 0xff, 0xcf, 0xff, 0x3f, 0xff, 0xff, 0xff, 0xf0,
    0xf0, 0x0f, 0xff, 0xff, 0xff, 0xfc, 0xcc, 0x03, 0xc0, 0x0f, 0xff, 0xf0, 0x00, 0x00, 0x00, 0x00, 0x3f, 0x03, 0xc0, 0x00,
    0x00, 0x00, 0x00, 0x0f, 0xf0, 0x00, 0x03, 0x00, 0x00, 0xff, 0xff, 0x00, 0xff, 0xf0, 0x03, 0xff, 0xfc, 0x30, 0xff, 0xfc,
    0x30, 0xff, 0xfc, 0x3c, 0x3f, 0xfc, 0x30, 0xff, 0xf0, 0xff, 0xff, 0xf0, 0xc3, 0xff, 0xff, 0xff, 0xff, 0xff, 0xff, 0xff,
    0xff, 0x3f, 0xff, 0xff, 0xff, 0xfc, 0xf0, 0x0f, 0xff, 0xff, 0xff, 0xc0, 0xcc, 0x03, 0xc0, 0x3f, 0xff, 0x0f, 0x00, 0x00,
    0x00, 0x00, 0x3c, 0x3f, 0xc0, 0x00, 0x00, 0x00, 0x00, 0xff, 0xf0, 0x00, 0x00, 0x00, 0x00, 0xff, 0xff, 0xc0, 0x00, 0x00,
    0x0f, 0xff, 0xff, 0xf0, 0x3f, 0xc0, 0x3f, 0xff, 0xff, 0xfc, 0x3f, 0xfc, 0x3f, 0xff, 0xff, 0xf0, 0xff, 0xf0, 0xff, 0xff,
    0xff, 0xff, 0xff, 0xff, 0xff, 0xff, 0xff, 0x3f, 0xff, 0xff, 0xff, 0xff, 0xf0, 0x0f, 0xff, 0xff, 0xff, 0xc3, 0xcc, 0x03,
    0xf0, 0x03, 0xff, 0x0c, 0x00, 0x00, 0x00, 0x00, 0x0f, 0x3f, 0xc0, 0x00, 0x00, 0x00, 0x00, 0x3f, 0xf0, 0x00, 0x00, 0x00,
    0x00, 0xff, 0xff, 0xc0, 0x0f, 0x00, 0x0f, 0xff, 0xff, 0xc0, 0x3f, 0xc0, 0xc3, 0xff, 0xff, 0xcc, 0x3f, 0xf0, 0xc3, 0xff,
    0xff, 0xcc, 0xff, 0xf3, 0xcf, 0xff, 0xff, 0x3f, 0xff, 0xff, 0xff, 0xff, 0xf0, 0x0f, 0xff, 0xff, 0xfc, 0x0f, 0xcc, 0x03,
    0xff, 0xff, 0xf0, 0xc3, 0x00, 0x03, 0xf0, 0x03, 0xc3, 0xff, 0xc0, 0x00, 0x00, 0x00, 0x03, 0xff, 0xf0, 0x00, 0x00, 0x00,
    0x0f, 0xff, 0xfc, 0x00, 0x00, 0x00, 0x0f, 0xff, 0xff, 0x00, 0x30, 0x00, 0x0f, 0xff, 0xfc, 0x30, 0xff, 0x03, 0x03, 0xff,
    0xfc, 0xf0, 0xff, 0x0f, 0xc3, 0xff, 0xf3, 0xfc, 0xff, 0x3f, 0xcf, 0xff, 0xff, 0xcf, 0xff, 0xff, 0xff, 0x0f, 0xfc, 0x03,
    0xff, 0xff, 0xfc, 0xff, 0xf3, 0x00, 0xff, 0xff, 0xfc, 0x3f, 0xc0, 0x00, 0xfc, 0x00, 0x3f, 0x0f, 0xf0, 0x00, 0x00, 0x00,
    0x00, 0x3f, 0xfc, 0x00, 0x00, 0x00, 0x00, 0xff, 0xff, 0x00, 0x00, 0x00, 0x0f, 0xff, 0xff, 0xc0, 0x03, 0x00, 0xc3, 0xff,
    0xff, 0x03, 0x0f, 0xc3, 0xc0, 0xff, 0xff, 0x0f, 0x0f, 0xc3, 0xf0, 0xff, 0xff, 0x3f, 0xc3, 0x0f, 0xfc, 0x3f, 0xff, 0xf0,
    0xfc, 0xff, 0xff, 0xf0, 0x00, 0xff, 0xff, 0xc3, 0x03, 0x3f, 0xff, 0x00, 0x00, 0x0f, 0xff, 0xc0, 0x00, 0x3f, 0xff, 0xfc,
    0x03, 0xff, 0xff, 0xf3, 0xf0, 0xff, 0xff, 0xf0, 0x00, 0xff, 0xff, 0xcc, 0x0c, 0x3f, 0xff, 0x00, 0x00, 0x0f, 0xff, 0xc0,
    0x00, 0x3f, 0xff, 0xfc, 0x03, 0xff, 0xff, 0xf0, 0xf0, 0xff, 0xff, 0xf0, 0x00, 0xff, 0xff, 0xc0, 0x00, 0x3f, 0xff, 0x00,
    0x00, 0x0f, 0xff, 0xc0, 0x00, 0x3f, 0xff, 0xfc, 0x03, 0xff, 0xc3, 0xf0, 0x03, 0xff, 0x0f, 0xc0, 0x00, 0xff, 0xc0, 0x00,
    0x00, 0x3f, 0xfc, 0x00, 0x00, 0x3f, 0xff, 0x00, 0x00, 0x3f, 0xfc, 0x0c, 0x03, 0x0f, 0xff, 0xf0, 0x03, 0xff, 0x0f, 0xc0,
    0x00, 0xff, 0xc3, 0x00, 0x00, 0x3f, 0xfc, 0x00, 0x00, 0x3f, 0xff, 0x00, 0x00, 0x3f, 0xfc, 0x0c, 0x03, 0x0f, 0xff, 0xf0,
    0x03, 0xff, 0xc0, 0xc0, 0x00, 0xff, 0x0c, 0x00, 0x00, 0x3f, 0xfc, 0x00, 0x00, 0x3f, 0xff, 0x00, 0x00, 0x3f, 0xfc, 0x0c,
    0x03, 0x0f, 0xd2, 0x0b, 0x14, 0x0c, 0x98, 0x0c, 0x56, 0x0c, 0xda, 0x0c, 0x1c, 0x0d, 0x5e, 0x0d, 0xa0, 0x0d, 0x24, 0x0e,
    0xe2, 0x0d, 0x66, 0x0e, 0xa8, 0x0e, 0xea, 0x0e, 0x02, 0x0f, 0xea, 0x0e, 0x02, 0x0f, 0xea, 0x0e, 0x02, 0x0f, 0xea, 0x0e,
    0x1a, 0x0f, 0x32, 0x0f, 0x4a, 0x0f, 0x62, 0x0f, 0x62, 0x0f, 0x12, 0x0b, 0x2e, 0x0a, 0xca, 0x0a, 0x96, 0x0b, 0x7c, 0x0a,
    0x5a, 0x0b, 0x03, 0x0c, 0x03, 0x0d, 0x03, 0x0c, 0x03, 0x0a, 0x03, 0x0d, 0x03, 0x0a, 0x2e, 0x0a, 0xca, 0x0a, 0xd2, 0x0b,
    0x5a, 0x0b, 0x7c, 0x0a, 0x96, 0x0b, 0x5e, 0x0d, 0x12, 0x0b, 0x03, 0x0d, 0x03, 0x0c, 0x03, 0x0b, 0x03, 0x0a, 0x03, 0x0d,
    0x03, 0x0a, 0x03, 0x0b, 0x03, 0x0c, 0x00, 0x00, 0x00, 0x00, 0x00, 0x00, 0x00, 0x00, 0x00, 0x00, 0x00, 0x00, 0x00, 0x00,
    0x06, 0x90, 0x1a, 0x26, 0x3c, 0xc6, 0x00, 0x86, 0x8e, 0x18, 0x28, 0xc4, 0x00, 0x06, 0x90, 0x28, 0xc2, 0x00, 0x08, 0x96,
    0x46, 0x00, 0x00, 0x07, 0x0d, 0x12, 0x0d, 0x12, 0x0d, 0x12, 0x05, 0x04, 0x03, 0x02, 0x03, 0x02, 0x03, 0x02, 0x00, 0x00,
    0x00, 0x00, 0x00, 0x00, 0x00, 0x00, 0x00, 0x00, 0x00, 0x00, 0x00, 0x00, 0x00, 0x00, 0x05, 0x0a, 0x00, 0x78, 0x98, 0x88,
    0x98, 0x78, 0x88, 0x58, 0x60, 0x68, 0x58, 0x60, 0x68, 0x70, 0x78, 0x00, 0x70, 0x78, 0x70, 0x78, 0x78, 0x98, 0x98, 0x78,
    0x58, 0x60, 0x68, 0x58, 0x60, 0x68, 0x00, 0x78, 0x98, 0x88, 0x58, 0x60, 0x68, 0x58, 0x60, 0x68, 0x20, 0x20, 0x28, 0x48,
    0x40, 0x50, 0x68, 0x60, 0x68, 0x78, 0x88, 0x80, 0x90, 0x98, 0xa0, 0xa0, 0x18, 0x20, 0x28, 0x30, 0x38, 0x40, 0x00, 0x70,
    0x78, 0x78, 0x98, 0x60, 0x88, 0x98, 0x78, 0x98, 0x78, 0x58, 0x60, 0x68, 0x58, 0x60, 0x68, 0x00, 0xa8, 0x98, 0x88, 0x30,
    0x38, 0x40, 0x30, 0x38, 0x40, 0x50, 0x70, 0x70, 0x50, 0x30, 0x48, 0x50, 0x00, 0x00, 0x00, 0x00, 0x00, 0x00, 0x00, 0x01,
    0x01, 0x01, 0x01, 0x01, 0x01, 0x01, 0x01, 0x00, 0x01, 0x01, 0x01, 0x01, 0x00, 0x00, 0x00, 0x00, 0x01, 0x01, 0x01, 0x01,
    0x01, 0x01, 0x00, 0x00, 0x00, 0x00, 0x01, 0x01, 0x01, 0x01, 0x01, 0x01, 0x00, 0x00, 0x00, 0x01, 0x01, 0x01, 0x01, 0x01,
    0x01, 0x01, 0x01, 0x01, 0x01, 0x01, 0x01, 0x01, 0x00, 0x00, 0x00, 0x00, 0x00, 0x00, 0x00, 0x01, 0x01, 0x00, 0x00, 0x01,
    0x00, 0x00, 0x00, 0x00, 0x00, 0x01, 0x01, 0x01, 0x01, 0x01, 0x01, 0x00, 0x00, 0x00, 0x00, 0x01, 0x01, 0x01, 0x01, 0x01,
    0x01, 0x00, 0x00, 0x00, 0x00, 0x01, 0x01, 0x01, 0x00, 0x18, 0x00, 0x18, 0x00, 0x40, 0x00, 0x88, 0x00, 0x90, 0x00, 0xd8,
    0x00, 0x80, 0x00, 0x80, 0x00, 0x80, 0x00, 0xb0, 0x00, 0xb0, 0x00, 0xb0, 0x00, 0x10, 0x01, 0x10, 0x01, 0x00, 0x00, 0x10,
    0x00, 0x10, 0x00, 0x88, 0x00, 0x88, 0x00, 0x30, 0x00, 0x30, 0x00, 0x60, 0x00, 0x68, 0x00, 0x38, 0x00, 0x38, 0x00, 0x38,
    0x00, 0x68, 0x00, 0x68, 0x00, 0x68, 0x00, 0x00, 0x00, 0xe4, 0x00, 0xe4, 0x00, 0x00, 0x01, 0xe8, 0x00, 0xe8, 0x00, 0xe8,
    0x00, 0x18, 0x01, 0x18, 0x01, 0x18, 0x01, 0x50, 0x00, 0x68, 0x00, 0x78, 0x00, 0x10, 0x00, 0x40, 0x00, 0x70, 0x00, 0x20,
    0x00, 0x48, 0x00, 0xc0, 0x00, 0x58, 0x00, 0x90, 0x00, 0x80, 0x00, 0x28, 0x00, 0x60, 0x00, 0x18, 0x00, 0xb8, 0x00, 0x18,
    0x00, 0x38, 0x00, 0x58, 0x00, 0x78, 0x00, 0x98, 0x00, 0xb8, 0x00, 0x00, 0x00, 0x10, 0x00, 0x10, 0x00, 0x38, 0x00, 0x38,
    0x00, 0x58, 0x00, 0x80, 0x00, 0xd0, 0x00, 0xd8, 0x00, 0xf8, 0x00, 0x00, 0x01, 0xd0, 0x00, 0xd0, 0x00, 0xd0, 0x00, 0x00,
    0x01, 0x00, 0x01, 0x00, 0x01, 0x00, 0x00, 0x00, 0x00, 0x00, 0x00, 0x00, 0x00, 0x20, 0x00, 0x20, 0x00, 0x20, 0x00, 0x50,
    0x00, 0x50, 0x00, 0x50, 0x00, 0x48, 0x00, 0x48, 0x00, 0xd8, 0x00, 0xe0, 0x00, 0xf8, 0x00, 0x10, 0x01, 0x10, 0x01, 0x00,
    0x00, 0x08, 0x00, 0x10, 0x00, 0x28, 0x00, 0x10, 0x00, 0x08, 0x00, 0x18, 0x00, 0x04, 0x00, 0x04, 0x00, 0x04, 0x00, 0x04,
    0x00, 0x04, 0x00, 0x04, 0x00, 0x0c, 0x00, 0x0c, 0x00, 0x00, 0x00, 0x0c, 0x00, 0x0c, 0x00, 0x0c, 0x00, 0x0c, 0x00, 0x08,
    0x00, 0x10, 0x00, 0x10, 0x00, 0x08, 0x00, 0x0c, 0x00, 0x0c, 0x00, 0x0c, 0x00, 0x0c, 0x00, 0x0c, 0x00, 0x0c, 0x00, 0x00,
    0x00, 0x08, 0x00, 0x10, 0x00, 0x18, 0x00, 0x04, 0x00, 0x04, 0x00, 0x04, 0x00, 0x04, 0x00, 0x04, 0x00, 0x04, 0x00, 0x0c,
    0x00, 0x0c, 0x00, 0x0c, 0x00, 0x0c, 0x00, 0x0c, 0x00, 0x0c, 0x00, 0x0c, 0x00, 0x0c, 0x00, 0x0c, 0x00, 0x0c, 0x00, 0x0c,
    0x00, 0x0c, 0x00, 0x0c, 0x00, 0x0c, 0x00, 0x0c, 0x00, 0x0c, 0x00, 0x68, 0x00, 0x58, 0x00, 0x48, 0x00, 0x38, 0x00, 0x28,
    0x00, 0x18, 0x00, 0x00, 0x00, 0x0c, 0x00, 0x0c, 0x00, 0x08, 0x00, 0x10, 0x00, 0x08, 0x00, 0x28, 0x00, 0x10, 0x00, 0x08,
    0x00, 0x10, 0x00, 0x08, 0x00, 0x08, 0x00, 0x08, 0x00, 0x08, 0x00, 0x08, 0x00, 0x08, 0x00, 0x08, 0x00, 0x00, 0x00, 0x40,
    0x01, 0x40, 0x01, 0x40, 0x01, 0x04, 0x00, 0x04, 0x00, 0x04, 0x00, 0x04, 0x00, 0x04, 0x00, 0x04, 0x00, 0x08, 0x00, 0x10,
    0x00, 0x10, 0x00, 0x08, 0x00, 0x08, 0x00, 0x0c, 0x00, 0x0c, 0x00, 0x00, 0x00, 0x00, 0x00, 0x00, 0x00, 0x00, 0x00, 0x0f,
    0x00, 0x1e, 0x00, 0x3e, 0x00, 0x4f, 0x00, 0x00, 0x00, 0x00, 0x00, 0x00, 0x00, 0x00, 0x00, 0x00, 0xaa, 0xaa, 0xaa, 0x00,
    0x00, 0xaa, 0xaf, 0xaa, 0xaa, 0xa0, 0x00, 0x00, 0x00, 0x00, 0xf0, 0xaa, 0xf0, 0x00, 0x00, 0x00, 0x00, 0x00, 0x00, 0xaa,
    0xaf, 0x00, 0x00, 0x00, 0xf0, 0x0f, 0x00, 0x0a, 0xaa, 0xf0, 0x0f, 0x00, 0x0f, 0x00, 0xf0, 0x0a, 0xa0, 0x00, 0xf0, 0x00,
    0x00, 0x00, 0xf0, 0x00, 0x00, 0x00, 0x00, 0xf0, 0xf0, 0x00, 0x00, 0x00, 0x00, 0x0f, 0x00, 0x0f, 0x0f, 0x00, 0xff, 0x00,
    0xa0, 0x0f, 0x00, 0xf0, 0x00, 0x00, 0x00, 0xf0, 0xa0, 0x00, 0x00, 0x00, 0x00, 0x00, 0xf0, 0x00, 0xaa, 0x00, 0xf0, 0x00,
    0x00, 0x00, 0xf0, 0x0a, 0xaa, 0x0f, 0x00, 0x00, 0xf0, 0x0f, 0x00, 0x0a, 0xaa, 0xf0, 0x00, 0xff, 0x00, 0xf0, 0x00, 0xaa,
    0xaa, 0xaa, 0xaa, 0x00, 0xa0, 0xaa, 0xaa, 0xaa, 0xaa, 0xaa, 0xaa, 0xaa, 0xaa, 0xaa, 0xaa, 0xaa, 0xa0, 0xaa, 0xaa, 0xff,
    0x00, 0xaa, 0xaa, 0xa0, 0xa0, 0xaa, 0xff, 0xff, 0xff, 0xaa, 0xfa, 0xaa, 0xaf, 0x0f, 0xf0, 0x0f, 0xff, 0xff, 0x0f, 0xfa,
    0xaf, 0xff, 0x0f, 0xff, 0x0f, 0xff, 0xf0, 0xfa, 0xff, 0xf0, 0xff, 0xff, 0xf0, 0xff, 0xf0, 0xfa, 0xff, 0xff, 0xff, 0x0f,
    0xff, 0xff, 0xff, 0xff, 0xff, 0xff, 0xff, 0x0f, 0xff, 0xff, 0xff, 0xff, 0xff, 0xff, 0xff, 0xff, 0xff, 0xff, 0xf0, 0xfa,
    0xf0, 0xff, 0xff, 0xff, 0xf0, 0xff, 0xff, 0x0a, 0xaf, 0x0f, 0xf0, 0xff, 0xf0, 0xff, 0xff, 0xa0, 0xaf, 0xff, 0xff, 0xff,
    0xff, 0xff, 0xf0, 0xaa, 0xaf, 0xff, 0xff, 0xff, 0x0f, 0xff, 0xf0, 0xaa, 0xaa, 0x0f, 0x0f, 0x0f, 0xff, 0xff, 0x0a, 0xaa,
    0xaa, 0xa0, 0xaa, 0xf0, 0xff, 0xa0, 0xaa, 0xaa, 0xaa, 0xaa, 0xaa, 0xaa, 0xaa, 0xaa, 0xaa, 0xaa, 0xfa, 0xfa, 0xaa, 0x0f,
    0xf0, 0xaa, 0xaa, 0xaa, 0xaa, 0x0f, 0xaa, 0xf0, 0x00, 0x00, 0xf0, 0xaa, 0xaa, 0xf0, 0xaa, 0x00, 0x0f, 0x00, 0x0f, 0x0a,
    0xa0, 0xf0, 0xaa, 0xff, 0x00, 0xf0, 0x00, 0xfa, 0xa0, 0xaa, 0xf0, 0x00, 0x00, 0x00, 0x00, 0x0a, 0x0f, 0xaa, 0x00, 0x00,
    0x00, 0x00, 0x00, 0x00, 0xfa, 0xaa, 0x00, 0x00, 0x00, 0x00, 0x00, 0xf0, 0xfa, 0xa0, 0x00, 0x00, 0x00, 0x00, 0x00, 0x0f,
    0xaf, 0xa0, 0x00, 0x00, 0x00, 0xf0, 0x00, 0x0a, 0xaa, 0xaa, 0x00, 0x00, 0x00, 0x0f, 0x0a, 0xaa, 0xaa, 0xaf, 0x00, 0x00,
    0x00, 0x00, 0xaa, 0x0a, 0xaa, 0xaa, 0xaa, 0x00, 0x00, 0xaa, 0xa0, 0x0f, 0xaf, 0xaa, 0xaa, 0xaa, 0xaa, 0xaa, 0x00, 0xfa,
    0xfa, 0xaa, 0xaf, 0xaa, 0xfa, 0xaa, 0xaa, 0xaa, 0xaa, 0xaa, 0xaa, 0xaa, 0xaa, 0xaa, 0xaa, 0xaa, 0x00, 0x00, 0x00, 0x03,
    0xff, 0x00, 0x00, 0x00, 0x00, 0x00, 0x00, 0x3f, 0xff, 0xf0, 0x00, 0x00, 0x00, 0x3f, 0xc0, 0xff, 0xff, 0xf0, 0x3c, 0x3c,
    0x03, 0xff, 0xf3, 0xff, 0xff, 0xfc, 0xff, 0x0f, 0x03, 0xff, 0xd7, 0xff, 0xff, 0xff, 0xff, 0x03, 0x3f, 0x0f, 0xf5, 0xff,
    0xff, 0xff, 0xff, 0xcf, 0xff, 0xff, 0xd7, 0xff, 0xff, 0xff, 0xff, 0xfc, 0xff, 0xff, 0xf5, 0xff, 0xff, 0xff, 0xff, 0xc0,
    0x0f, 0x3f, 0xd7, 0xff, 0xff, 0xff, 0xff, 0xc0, 0xcc, 0xff, 0xf5, 0xff, 0x3f, 0xff, 0xcf, 0xf0, 0xff, 0xff, 0xf3, 0xfc,
    0xff, 0xfc, 0x0f, 0xf0, 0x3c, 0xf3, 0xc0, 0xfc, 0xfc, 0x00, 0x03, 0xfc, 0x00, 0xf0, 0x0f, 0xf0, 0x00, 0x00, 0x00, 0x3f,
    0x00, 0x00, 0xff, 0x00, 0x00, 0x00, 0x00, 0x0f, 0x00, 0x00, 0x3c, 0x00, 0x00, 0x00, 0x00, 0x00, 0x00, 0x00, 0x00, 0x03,
    0xff, 0x00, 0x00, 0x00, 0x00, 0x3f, 0xc0, 0x3f, 0xff, 0xf0, 0x00, 0x00, 0x00, 0xff, 0x50, 0xff, 0xff, 0xf0, 0x3c, 0x00,
    0x3f, 0xc3, 0xd7, 0xff, 0xff, 0xfc, 0xff, 0x00, 0xff, 0xff, 0x5f, 0xff, 0xff, 0xff, 0xff, 0x00, 0xff, 0xff, 0xd7, 0xff,
    0xff, 0xff, 0xff, 0xc0, 0x3c, 0xf3, 0x5f, 0xff, 0xff, 0xff, 0xff, 0xfc, 0x0c, 0x30, 0xd7, 0xff, 0xff, 0xff, 0xff, 0x3c,
    0x0c, 0x00, 0x5f, 0xff, 0xff, 0xf3, 0xff, 0xcf, 0x00, 0xc0, 0xd7, 0xf3, 0xff, 0xf3, 0xff, 0xc3, 0x00, 0xf3, 0xcf, 0xf3,
    0xff, 0xfc, 0xff, 0x0f, 0x00, 0xff, 0x00, 0xfc, 0x3f, 0xf0, 0xfc, 0x0c, 0x00, 0x3c, 0x00, 0x3f, 0xc0, 0x03, 0xfc, 0x00,
    0x00, 0x00, 0x00, 0x03, 0xf0, 0x0f, 0xf0, 0x00, 0x00, 0x00, 0x00, 0x00, 0xf0, 0x0f, 0x00, 0x00, 0x00, 0x00, 0x00, 0xff,
    0xc0, 0x00, 0x00, 0x00, 0x00, 0x00, 0x0f, 0xff, 0xfc, 0x00, 0x00, 0x00, 0x3c, 0x3c, 0x0f, 0xff, 0xff, 0x03, 0xfc, 0x00,
    0xf0, 0xff, 0x3f, 0xff, 0xff, 0xcf, 0xff, 0xc0, 0xc0, 0xff, 0xff, 0xff, 0xff, 0xd7, 0xff, 0xc0, 0xf3, 0xff, 0xff, 0xff,
    0xff, 0x5f, 0xf0, 0xfc, 0x3f, 0xff, 0xff, 0xff, 0xff, 0xd7, 0xff, 0xff, 0x03, 0xff, 0xff, 0xff, 0xff, 0x5f, 0xff, 0xff,
    0x03, 0xff, 0xff, 0xff, 0xff, 0xd7, 0xfc, 0xf0, 0x0f, 0xf3, 0xff, 0xfc, 0xff, 0x5f, 0xff, 0x33, 0x0f, 0xf0, 0x3f, 0xff,
    0x3f, 0xcf, 0xff, 0xff, 0x3f, 0xc0, 0x00, 0x3f, 0x3f, 0x03, 0xcf, 0x3c, 0xfc, 0x00, 0x00, 0x00, 0x0f, 0xf0, 0x0f, 0x00,
    0xf0, 0x00, 0x00, 0x00, 0x00, 0xff, 0x00, 0x00, 0x00, 0x00, 0x00, 0x00, 0x00, 0x3c, 0x00, 0x00, 0x00, 0x00, 0x00, 0xff,
    0xc0, 0x00, 0x00, 0x00, 0x00, 0x00, 0x0f, 0xff, 0xfc, 0x03, 0xfc, 0x00, 0x00, 0x3c, 0x0f, 0xff, 0xff, 0x05, 0xff, 0x00,
    0x00, 0xff, 0x3f, 0xff, 0xff, 0xd7, 0xc3, 0xfc, 0x00, 0xff, 0xff, 0xff, 0xff, 0xf5, 0xff, 0xff, 0x03, 0xff, 0xff, 0xff,
    0xff, 0xd7, 0xff, 0xff, 0x3f, 0xff, 0xff, 0xff, 0xff, 0xf5, 0xcf, 0x3c, 0x3c, 0xff, 0xff, 0xff, 0xff, 0xd7, 0x0c, 0x30,
    0xf3, 0xff, 0xcf, 0xff, 0xff, 0xf5, 0x00, 0x30, 0xc3, 0xff, 0xcf, 0xff, 0xcf, 0xd7, 0x03, 0x00, 0xf0, 0xff, 0x3f, 0xff,
    0xcf, 0xf3, 0xcf, 0x00, 0x30, 0x3f, 0x0f, 0xfc, 0x3f, 0x00, 0xff, 0x00, 0x00, 0x3f, 0xc0, 0x03, 0xfc, 0x00, 0x3c, 0x00,
    0x00, 0x0f, 0xf0, 0x0f, 0xc0, 0x00, 0x00, 0x00, 0x00, 0x00, 0xf0, 0x0f, 0x00, 0x00, 0x00, 0x00, 0xe8, 0x13, 0x60, 0x14,
    0xd8, 0x14, 0x50, 0x15, 0xf8, 0x12, 0x80, 0x12, 0x70, 0x13, 0x80, 0x12, 0x00, 0x00, 0x00, 0x00, 0x00, 0x00, 0x00, 0x00,
    0x00, 0x00, 0x00, 0x00, 0x00, 0x00, 0x00, 0x00, 0x00, 0x00, 0x00, 0x00, 0x00, 0x00, 0x00, 0x00, 0x00, 0x00, 0x00, 0x00,
    0x00, 0x00, 0x00, 0x00, 0x00, 0x01, 0x50, 0x3c, 0x0c, 0x00, 0x00, 0x00, 0x00, 0x01, 0x00, 0x3f, 0xfc, 0x00, 0x00, 0x00,
    0x14, 0x51, 0x40, 0xf3, 0xf3, 0x00, 0x00, 0x00, 0x15, 0x51, 0x03, 0xff, 0xff, 0xc0, 0x10, 0x10, 0x11, 0x11, 0x50, 0xff,
    0xff, 0x00, 0x10, 0x10, 0x11, 0x10, 0x00, 0x0f, 0xf0, 0x15, 0x11, 0x11, 0x10, 0x10, 0x0c, 0x3f, 0xf0, 0x11, 0x15, 0x51,
    0x00, 0x00, 0x30, 0xff, 0xfc, 0x11, 0x14, 0x51, 0x00, 0x00, 0x3f, 0xff, 0xff, 0x11, 0x00, 0x00, 0x00, 0x00, 0x0f, 0xff,
    0xff, 0x15, 0x00, 0x01, 0x00, 0x00, 0x03, 0xff, 0xfc, 0x00, 0x00, 0x00, 0x00, 0x00, 0x0f, 0xcf, 0x3f, 0x00, 0x00, 0x00,
    0x18, 0x00, 0x68, 0x00, 0xb8, 0x00, 0x08, 0x01, 0x18, 0x38, 0x58, 0x18, 0x00, 0x00, 0x00, 0x00, 0x00, 0x00, 0x00, 0x00,
    0x00, 0x00, 0x00, 0x00, 0x00, 0x00, 0x00, 0x00, 0x00, 0x00, 0x00, 0x00, 0x00, 0x00, 0x00, 0x00, 0x00, 0x0f, 0x03, 0xc0,
    0x03, 0xc0, 0xf0, 0x00, 0x00, 0x3c, 0x03, 0xff, 0x3f, 0xcf, 0xf3, 0xf0, 0xfc, 0x00, 0x0c, 0x0f, 0x0f, 0xab, 0xfa, 0xfe,
    0xbe, 0xb3, 0xeb, 0x03, 0x3c, 0x3f, 0xc3, 0xaa, 0xbe, 0xbe, 0xbe, 0xbf, 0xeb, 0x03, 0xf0, 0xff, 0xff, 0xaf, 0xae, 0xbe,
    0xba, 0xff, 0xac, 0x00, 0xfc, 0xfa, 0xbf, 0xeb, 0xaf, 0xae, 0xab, 0xff, 0xac, 0x03, 0xff, 0xeb, 0xaf, 0xeb, 0xeb, 0xae,
    0xab, 0xfe, 0xbc, 0xcf, 0xff, 0xeb, 0xeb, 0xfa, 0xea, 0xbe, 0xba, 0xfe, 0xbf, 0xfe, 0xaf, 0xfa, 0xfa, 0xfa, 0xfa, 0xfa,
    0xfa, 0xff, 0xf3, 0xfa, 0xab, 0xfa, 0xfa, 0xfa, 0xff, 0xfa, 0xfe, 0xba, 0xc0, 0x3a, 0xfb, 0xfe, 0xbe, 0xbf, 0x3f, 0x3f,
    0x3f, 0xfa, 0xf0, 0x3a, 0xea, 0xbe, 0xae, 0xbf, 0xfc, 0x3f, 0xcf, 0xff, 0xc0, 0xfe, 0xab, 0xaf, 0xea, 0xf3, 0xf0, 0x3c,
    0x0f, 0xff, 0x00, 0xff, 0xaf, 0xaf, 0xff, 0xf0, 0xc0, 0x0c, 0x00, 0x3f, 0xc0, 0xc3, 0xea, 0xaf, 0x3f, 0xc0, 0x00, 0x00,
    0x00, 0x03, 0xf0, 0x0f, 0xfa, 0xbc, 0x03, 0xf0, 0x00, 0x00, 0x00, 0x00, 0x00, 0x0f, 0x3f, 0xc0, 0x00, 0x00, 0x00, 0x00,
    0x00, 0x00, 0x00, 0x00, 0x03, 0xc0, 0x00, 0x00, 0x00, 0x00, 0x00, 0x00, 0x00, 0x00, 0x3c, 0x00, 0x00, 0x00, 0x0f, 0xc0,
    0x00, 0x00, 0x00, 0xfc, 0x00, 0x00, 0x03, 0xcf, 0x00, 0x00, 0x0f, 0xc3, 0xc0, 0x00, 0x3d, 0xf0, 0xc0, 0x00, 0xff, 0x7f,
    0xc0, 0x03, 0xf7, 0xff, 0x00, 0x03, 0x7d, 0xfc, 0x00, 0x03, 0xdf, 0xf0, 0x00, 0x00, 0xf7, 0xc0, 0x00, 0x00, 0x3f, 0x00,
    0x00, 0x00, 0xff, 0xff, 0x00, 0x03, 0xcc, 0x33, 0xc0, 0x03, 0xcd, 0x73, 0xc0, 0x00, 0x0d, 0x70, 0x00, 0x00, 0x34, 0x1c,
    0x00, 0x00, 0xd3, 0xc7, 0x00, 0x00, 0xd3, 0xc7, 0x00, 0x00, 0xd4, 0x17, 0x00, 0x00, 0xd5, 0x57, 0x00, 0x0f, 0x00, 0x00,
    0x00, 0x00, 0x54, 0x00, 0x00, 0x00, 0x55, 0x50, 0x00, 0x00, 0x05, 0x55, 0x00, 0x00, 0x00, 0x15, 0x00, 0x00, 0x00, 0x00,
    0xf0, 0x00, 0xc0, 0x00, 0x00, 0x03, 0x30, 0x00, 0x00, 0x0c, 0x1c, 0x00, 0xf0, 0x30, 0x53, 0x03, 0x1c, 0x31, 0x55, 0xcd,
    0x5c, 0x3d, 0x55, 0x31, 0x5c, 0x0f, 0x55, 0x55, 0x7c, 0x03, 0xd5, 0x55, 0x70, 0x00, 0xf5, 0x55, 0xc0, 0x00, 0x3d, 0x57,
    0x00, 0x00, 0x0f, 0x7c, 0x00, 0x00, 0x03, 0xf0, 0x00, 0x5d, 0x17, 0x81, 0x17, 0x2d, 0x17, 0x99, 0x17, 0x02, 0x09, 0x02,
    0x06, 0x02, 0x0c, 0x02, 0x0c, 0x61, 0x64, 0x5e, 0x5e, 0x00, 0x00, 0x00, 0x00, 0x00, 0x00, 0x00, 0x00, 0x00, 0x00, 0x00,
    0x00, 0x00, 0x00, 0x00, 0x00, 0x00, 0x00, 0x00, 0x00, 0x00, 0x00, 0x00, 0x00, 0x00, 0x00, 0x00, 0x00, 0x00, 0x00, 0x00,
    0x00, 0x00, 0x00, 0x00, 0x00, 0x00, 0x00, 0x00, 0x00, 0x00, 0x00, 0x00, 0x00, 0x00, 0x00, 0x00, 0x00, 0x00, 0x00, 0x00,
    0x00, 0x00, 0x00, 0x00, 0x00, 0x00, 0x00, 0x00, 0x00, 0x00, 0x00, 0x00, 0x00, 0x00, 0x2d, 0x00, 0x24, 0x00, 0x1b, 0x00,
    0x12, 0x00, 0x09, 0x00, 0x12, 0x00, 0x01, 0x00, 0x12, 0x00, 0x00, 0x00, 0x00, 0x00, 0x00, 0x00, 0x00, 0x00, 0x00, 0x00,
    0x00, 0x00, 0x00, 0x0a, 0x09, 0x0b, 0x0b, 0x0e, 0x09, 0x06, 0x0a, 0x09, 0x0e, 0x04, 0x06, 0x0c, 0x0a, 0x0d, 0x04, 0x0f,
    0x0f, 0x0f, 0x0f, 0x0f, 0x0f, 0x0f, 0x0f, 0x01, 0x01, 0x01, 0x01, 0x00, 0x00, 0x01, 0x00, 0x00, 0x0f, 0xf0, 0x00, 0x00,
    0x3f, 0xc0, 0x00, 0x03, 0xfc, 0x00, 0x0f, 0xf0, 0x00, 0x03, 0xc0, 0x00, 0xfc, 0x3c, 0x00, 0x03, 0xf0, 0xf0, 0x00, 0x0f,
    0x03, 0x00, 0xff, 0xfc, 0x00, 0x0f, 0xc0, 0x0f, 0xc0, 0x0f, 0x00, 0x3f, 0x00, 0x3c, 0x00, 0x3c, 0x00, 0xc3, 0xfc, 0x3f,
    0x00, 0x3f, 0x00, 0x3f, 0xc0, 0x0f, 0x00, 0xff, 0x00, 0x3c, 0x00, 0x3c, 0x00, 0xc3, 0xf0, 0x0f, 0x00, 0x3f, 0x00, 0x3f,
    0x00, 0x0f, 0x00, 0xfc, 0x00, 0x3c, 0x00, 0xff, 0x03, 0xc3, 0xf0, 0x00, 0x00, 0xfc, 0x00, 0xff, 0x00, 0x0f, 0x03, 0xfc,
    0x00, 0x3c, 0x00, 0xff, 0xff, 0xc0, 0xfc, 0x00, 0x00, 0xfc, 0x00, 0xff, 0x00, 0x3c, 0x03, 0xfc, 0x00, 0xf0, 0x03, 0xff,
    0xff, 0x00, 0xff, 0x00, 0x03, 0xf0, 0x00, 0xff, 0xc3, 0xfc, 0x03, 0xff, 0x0f, 0xf0, 0x03, 0xf0, 0xfc, 0x00, 0x3f, 0xc0,
    0x03, 0xc0, 0x00, 0x3f, 0xff, 0xf0, 0x00, 0xff, 0xff, 0xc0, 0x0f, 0xc0, 0x00, 0x00, 0x3f, 0xc0, 0x00, 0x00, 0x00, 0x3f,
    0xff, 0xf0, 0x00, 0xff, 0xff, 0xc0, 0x3f, 0x00, 0x0f, 0xc0, 0xff, 0xc0, 0x3c, 0x00, 0x00, 0x0f, 0xff, 0xc0, 0x00, 0x3f,
    0xff, 0x00, 0xfc, 0x00, 0x03, 0xff, 0xff, 0x00, 0xfc, 0x00, 0x00, 0x00, 0xfc, 0x00, 0x00, 0x03, 0xf0, 0x0f, 0xc0, 0x00,
    0x00, 0x3f, 0xf0, 0x00, 0xf0, 0x00, 0x00, 0x00, 0x0f, 0xf0, 0x00, 0x00, 0xf0, 0x00, 0x00, 0x0f, 0xf0, 0x0f, 0xc0, 0x0f,
    0x00, 0x03, 0xc0, 0x00, 0xfc, 0x3c, 0x00, 0x0f, 0xc0, 0x03, 0x00, 0xff, 0x3c, 0x03, 0xf0, 0x0f, 0x00, 0x0f, 0xc0, 0x0f,
    0xc0, 0x0f, 0x00, 0x3f, 0x00, 0x0f, 0x03, 0xf0, 0x0f, 0x00, 0xfc, 0x0f, 0x00, 0x3f, 0x00, 0x3f, 0xc0, 0x0f, 0x00, 0xff,
    0x00, 0x0f, 0x0f, 0xf0, 0x00, 0x00, 0xfc, 0x03, 0xc0, 0x3f, 0x00, 0x3f, 0x00, 0x0f, 0x00, 0xfc, 0x00, 0x3c, 0x0f, 0xc0,
    0x00, 0x00, 0xfc, 0x03, 0xc0, 0xfc, 0x00, 0xff, 0x00, 0x0f, 0x03, 0xfc, 0x00, 0x3c, 0x3f, 0xc0, 0x00, 0x00, 0x3f, 0xff,
    0xc0, 0xfc, 0x00, 0xff, 0x00, 0x3c, 0x03, 0xfc, 0x00, 0xf0, 0x3f, 0xc0, 0x00, 0x00, 0x3f, 0xff, 0xc3, 0xf0, 0x00, 0xff,
    0xc3, 0xfc, 0x03, 0xff, 0x0f, 0xf0, 0x3f, 0xf0, 0x03, 0x00, 0xfc, 0x0f, 0x03, 0xc0, 0x00, 0x3f, 0xff, 0xf0, 0x00, 0xff,
    0xff, 0xc0, 0x0f, 0xfc, 0x3f, 0x00, 0xfc, 0x0f, 0x00, 0x00, 0x00, 0x3f, 0xff, 0xf0, 0x00, 0xff, 0xff, 0xc0, 0x0f, 0xff,
    0xfc, 0x03, 0xf0, 0x3c, 0x3c, 0x00, 0x00, 0x0f, 0xff, 0xc0, 0x00, 0x3f, 0xff, 0x00, 0x03, 0xff, 0xf0, 0x0f, 0xc0, 0x3c,
    0xfc, 0x00, 0x00, 0x00, 0xfc, 0x00, 0x00, 0x03, 0xf0, 0x00, 0x00, 0x3f, 0x00, 0xfc, 0x00, 0x3c, 0xf0, 0x00, 0x00, 0x00,
    0x03, 0xf0, 0x00, 0x0f, 0xc0, 0x00, 0x00, 0x3f, 0x00, 0x00, 0x0f, 0xf0, 0x00, 0x03, 0xc0, 0x00, 0x3f, 0xff, 0x00, 0x3f,
    0x00, 0x00, 0x03, 0xff, 0xf0, 0x00, 0xff, 0xfc, 0x00, 0x0f, 0xc0, 0x00, 0xff, 0x0f, 0x00, 0x3f, 0x00, 0x00, 0x0f, 0xf0,
    0xf0, 0x03, 0xfc, 0x3f, 0x00, 0x3f, 0x00, 0x03, 0xfc, 0x03, 0xc0, 0xfc, 0x00, 0x00, 0x3f, 0xc0, 0x3c, 0x03, 0xf0, 0x0f,
    0x00, 0x3f, 0x00, 0x0f, 0xf0, 0x03, 0xc0, 0xfc, 0x00, 0x00, 0xff, 0x00, 0x3c, 0x03, 0xf0, 0x00, 0x00, 0xfc, 0x00, 0x0f,
    0xff, 0xff, 0xc3, 0xf0, 0x00, 0x00, 0xff, 0xff, 0xfc, 0x00, 0xfc, 0x00, 0x00, 0xfc, 0x00, 0x3f, 0xff, 0xff, 0xc3, 0xf0,
    0x00, 0x03, 0xff, 0xff, 0xfc, 0x00, 0xff, 0x00, 0x03, 0xf0, 0x00, 0x3f, 0xc0, 0x0f, 0xcf, 0xc0, 0x00, 0x03, 0xfc, 0x00,
    0xfc, 0x00, 0x3f, 0xc0, 0x03, 0xc0, 0x00, 0x3f, 0xc0, 0x0f, 0x0f, 0xc0, 0x00, 0x03, 0xfc, 0x00, 0xf0, 0x00, 0x3f, 0xc0,
    0x00, 0x00, 0x00, 0xff, 0x00, 0x0f, 0x0f, 0xc3, 0xff, 0x0f, 0xf0, 0x00, 0xf3, 0xc0, 0xff, 0xc0, 0x3c, 0x00, 0x00, 0xff,
    0x00, 0x3c, 0x3f, 0xff, 0xff, 0x0f, 0xf0, 0x03, 0xc3, 0xff, 0xff, 0x00, 0xfc, 0x00, 0x00, 0xff, 0x00, 0x3c, 0x3f, 0xff,
    0x00, 0x0f, 0xf0, 0x03, 0xc0, 0x3f, 0xf0, 0x00, 0xf0, 0x00, 0x00, 0x00, 0x00, 0x3f, 0xc0, 0x00, 0x0f, 0xc0, 0x0f, 0xff,
    0xff, 0xc3, 0xf0, 0x00, 0x0f, 0x03, 0xc0, 0x00, 0x00, 0xf0, 0x30, 0x00, 0x0f, 0xc0, 0xff, 0xff, 0xff, 0xf0, 0x3f, 0x00,
    0xfc, 0x0f, 0xc0, 0x00, 0x03, 0xc0, 0x0c, 0x00, 0x3f, 0x03, 0xf0, 0x0f, 0xc0, 0xf0, 0x0f, 0x03, 0xf0, 0x3f, 0x00, 0x00,
    0x03, 0xc0, 0x0c, 0x00, 0x3f, 0x0f, 0x00, 0x0f, 0xc3, 0xc0, 0x03, 0xcf, 0xc0, 0x3f, 0x00, 0x00, 0x0f, 0xf0, 0x3c, 0x00,
    0xfc, 0x00, 0x00, 0x3f, 0x00, 0x00, 0x03, 0xff, 0x00, 0xfc, 0x00, 0x00, 0x0f, 0xff, 0xfc, 0x00, 0xfc, 0x00, 0x00, 0x3f,
    0x00, 0x00, 0x00, 0xfc, 0x00, 0xfc, 0x00, 0x00, 0x3f, 0xff, 0xf0, 0x03, 0xf0, 0x00, 0x00, 0xfc, 0x00, 0x00, 0x03, 0xf0,
    0x03, 0xf0, 0x00, 0x00, 0x3f, 0x0f, 0xc0, 0x03, 0xf0, 0x00, 0x00, 0xfc, 0x00, 0x00, 0x03, 0xf0, 0x03, 0xc0, 0x00, 0x00,
    0xfc, 0x00, 0x00, 0x0f, 0xc0, 0x00, 0x03, 0xf0, 0x00, 0x00, 0x0f, 0xc0, 0x00, 0x00, 0x00, 0x03, 0xf0, 0x00, 0x00, 0x3f,
    0x00, 0x00, 0x0f, 0xc0, 0x00, 0x00, 0x3f, 0x00, 0x3c, 0x00, 0x00, 0x0f, 0xc0, 0x00, 0x00, 0xfc, 0x00, 0x00, 0x3f, 0x00,
    0x00, 0x00, 0xfc, 0x00, 0xfc, 0x00, 0x00, 0xfc, 0x00, 0x00, 0x0f, 0xc0, 0x00, 0x03, 0xf0, 0x00, 0x00, 0x0f, 0xc0, 0x00,
    0xf0, 0x00, 0x00, 0x00, 0x03, 0xf0, 0x00, 0x00, 0x3f, 0xf0, 0x00, 0x0f, 0xf0, 0x0f, 0xc0, 0x0f, 0x00, 0x03, 0xc0, 0x00,
    0x3f, 0xff, 0x00, 0x00, 0xf0, 0x3c, 0x00, 0xff, 0x3c, 0x03, 0xf0, 0x0f, 0x00, 0x0f, 0xc0, 0x00, 0xff, 0x0f, 0x00, 0x03,
    0xc0, 0x0f, 0x03, 0xf0, 0x00, 0x00, 0xfc, 0x0f, 0x00, 0x3f, 0x00, 0x03, 0xfc, 0x03, 0xc0, 0x03, 0xc0, 0x0f, 0x0f, 0xf0,
    0x00, 0x00, 0xf0, 0x03, 0xc0, 0x3f, 0x00, 0x0f, 0xf0, 0x03, 0xc0, 0x0f, 0xf0, 0x3f, 0x0f, 0xc0, 0x00, 0x00, 0xfc, 0x03,
    0xc0, 0xfc, 0x00, 0x0f, 0xff, 0xff, 0xc0, 0x0f, 0xff, 0xff, 0x3f, 0xc3, 0xfc, 0x00, 0x3f, 0xff, 0xc0, 0xfc, 0x00, 0x3f,
    0xff, 0xff, 0xc0, 0x3f, 0xff, 0xfc, 0x3f, 0xc3, 0xff, 0x00, 0x3f, 0xff, 0xc0, 0xf0, 0x00, 0x3f, 0xc0, 0x0f, 0xc0, 0x3f,
    0x3f, 0x00, 0x3f, 0xf0, 0x0f, 0x00, 0xfc, 0x0f, 0x03, 0xc0, 0x00, 0x3f, 0xc0, 0x0f, 0x00, 0xfc, 0x0f, 0x00, 0x0f, 0xfc,
    0x3f, 0x00, 0xfc, 0x0f, 0x00, 0x00, 0x00, 0xff, 0x00, 0x0f, 0x00, 0xfc, 0x03, 0xc0, 0x0f, 0xff, 0xfc, 0x03, 0xf0, 0x3c,
    0x3c, 0x00, 0x00, 0xff, 0x00, 0x3c, 0x03, 0xf0, 0x00, 0xf0, 0x03, 0xff, 0xf0, 0x0f, 0xc0, 0x3c, 0xfc, 0x00, 0x00, 0xff,
    0x00, 0x3c, 0x03, 0xf0, 0x00, 0x3c, 0x00, 0x3f, 0x00, 0xfc, 0x00, 0x3c, 0xf0, 0x00, 0x00, 0x00, 0x00, 0x00, 0xff, 0xff,
    0xaa, 0xaa, 0xff, 0xff, 0x55, 0x55, 0x1b, 0x19, 0xdb, 0x19, 0x9b, 0x1a, 0x5b, 0x1b, 0x00, 0x00, 0x00, 0x00, 0x00, 0x00,
    0x00, 0x00, 0x00, 0x00, 0x00, 0x00, 0x00, 0x00, 0x00, 0x00, 0x00, 0x00, 0x00, 0x00, 0x00, 0x00, 0x00, 0x00, 0x00, 0x00,
    0x00, 0x00, 0x00, 0x00, 0x00, 0x00, 0x00, 0x00, 0x00, 0x00, 0x00, 0x00, 0x00, 0x00, 0x00, 0x00, 0x00, 0x00, 0x00, 0x00,
    0x00, 0x00, 0x00, 0x00, 0x00, 0x00, 0x00, 0x00, 0x00, 0x00, 0x00, 0x00, 0x00, 0x00, 0x00, 0x00, 0x00, 0x00, 0x00, 0x00,
    0x00, 0x00, 0x00, 0x00, 0x00, 0x00, 0x00, 0x00, 0x00, 0x00, 0x00, 0x00, 0x00, 0x00, 0x00, 0x00, 0x00, 0x00, 0x00, 0x00,
    0x00, 0x00, 0x00, 0x00, 0x00, 0x00, 0x00, 0x00, 0x00, 0x00, 0x00, 0x00, 0x00, 0x00, 0x00, 0x00, 0x00, 0x00, 0x00, 0x00,
    0x00, 0x00, 0x00, 0x00, 0x00, 0x00, 0x00, 0x00, 0x00, 0x00, 0x00, 0x00, 0x00, 0x00, 0x00, 0x00, 0x00, 0x00, 0x00, 0x00,
    0x00, 0x00, 0x00, 0x00, 0x00, 0x00, 0x00, 0x00, 0x00, 0x00, 0x00, 0x00, 0x00, 0x00, 0x00, 0x00, 0x00, 0x00, 0x00, 0x00,
    0x00, 0x00, 0x00, 0x00, 0x00, 0x00, 0x00, 0x00, 0x00, 0x00, 0x00, 0x00, 0x00, 0x00, 0x00, 0x00, 0x00, 0x02, 0x04, 0x08,
    0x0c, 0x10, 0x18, 0x20, 0x40, 0x10, 0x20, 0x30, 0x40, 0x50, 0x60, 0x70, 0x80, 0x00, 0x00, 0x00, 0x00, 0x00, 0x00, 0x00,
    0x00, 0x00, 0x00, 0x00, 0x00, 0x00, 0x00, 0x00, 0x00, 0x08, 0x02, 0x00, 0x00, 0x2e, 0x0b, 0x80, 0x00, 0x2f, 0xaf, 0x80,
    0x00, 0x2f, 0xff, 0x80, 0x00, 0xba, 0xfa, 0xe0, 0x02, 0xff, 0xaf, 0xf8, 0x02, 0xbf, 0xff, 0xe8, 0x02, 0xfb, 0xae, 0xf8,
    0x00, 0xab, 0xae, 0xa0, 0x00, 0x2e, 0xfb, 0x80, 0x00, 0x0a, 0xfa, 0x00, 0x00, 0x02, 0xf8, 0x00, 0x00, 0x02, 0xf8, 0x00,
    0x00, 0x00, 0x00, 0x00, 0x00, 0x00, 0x00, 0x00, 0x00, 0x00, 0x00, 0x00, 0x00, 0x00, 0x00, 0x00, 0x00, 0x00, 0x00, 0x00,
    0x00, 0x00, 0x00, 0x00, 0x00, 0x00, 0x00, 0x00, 0x00, 0x00, 0x00, 0x00, 0x00, 0x00, 0x00, 0x00, 0x00, 0x00, 0x00, 0x00,
    0x00, 0x00, 0x00, 0x00, 0x00, 0x00, 0x00, 0x00, 0x00, 0x00, 0x00, 0x00, 0x00, 0x00, 0x00, 0x00, 0x00, 0x00, 0x00, 0x00,
    0x00, 0x00, 0x00, 0x00, 0x00, 0x00, 0x00, 0x00, 0x00, 0x00, 0x00, 0x00, 0x00, 0x00, 0x00, 0x00, 0x0a, 0x0b, 0xfe, 0x02,
    0x80, 0x0b, 0xe0, 0xbf, 0xaf, 0x8b, 0xe0, 0xb8, 0x2f, 0x8b, 0xef, 0x8b, 0xea, 0x2f, 0x80, 0xbb, 0xef, 0xaf, 0x82, 0xf8,
    0xbe, 0x2f, 0xab, 0xeb, 0xef, 0xbe, 0xa2, 0xfa, 0xef, 0xbe, 0x02, 0xf8, 0xbe, 0x2f, 0xab, 0xef, 0xaf, 0xbe, 0xfa, 0xfe,
    0x8b, 0xf8, 0x02, 0xf8, 0x2f, 0xaf, 0xbb, 0xaf, 0xbe, 0xaf, 0xeb, 0xef, 0x8b, 0xfe, 0x02, 0xe0, 0x0b, 0xeb, 0xfe, 0x2f,
    0xbe, 0x2f, 0xab, 0xea, 0x0b, 0xef, 0x80, 0x80, 0x2b, 0xe2, 0xaf, 0x8b, 0xf8, 0x2f, 0xba, 0xfa, 0x0b, 0xeb, 0xeb, 0xe0,
    0xbf, 0x80, 0x2b, 0x82, 0xa0, 0x0b, 0xf8, 0xbe, 0x02, 0x82, 0x8b, 0xe0, 0x03, 0xff, 0xff, 0xc0, 0x3e, 0xab, 0xea, 0xbc,
    0x3e, 0xff, 0xef, 0xbc, 0xfe, 0xab, 0xef, 0xbf, 0xff, 0xfb, 0xef, 0xbf, 0x3f, 0xfb, 0xef, 0xbc, 0x3e, 0xab, 0xea, 0xbc,
    0x03, 0xff, 0xff, 0xc0, 0x03, 0xff, 0xff, 0xc0, 0x3e, 0xab, 0xea, 0xbc, 0x3f, 0xfb, 0xef, 0xbc, 0xff, 0xfb, 0xef, 0xbf,
    0xff, 0xef, 0xef, 0xbf, 0x3f, 0xef, 0xef, 0xbc, 0x3f, 0xef, 0xea, 0xbc, 0x03, 0xff, 0xff, 0xc0, 0x03, 0xff, 0xff, 0xc0,
    0x3e, 0xab, 0xea, 0xbc, 0x3e, 0xfb, 0xef, 0xbc, 0xfe, 0xab, 0xef, 0xbf, 0xff, 0xfb, 0xef, 0xbf, 0x3f, 0xfb, 0xef, 0xbc,
    0x3f, 0xfb, 0xea, 0xbc, 0x03, 0xff, 0xff, 0xc0, 0xff, 0x03, 0xc0, 0xff, 0xff, 0x00, 0x00, 0xff, 0xff, 0xf0, 0x0f, 0xff,
    0xfc, 0x3c, 0x3c, 0x3f, 0xff, 0x00, 0x00, 0xff, 0xff, 0xf0, 0x0f, 0xff, 0xff, 0x00, 0x00, 0xff, 0xfc, 0x30, 0x0c, 0x3f,
    0xff, 0xff, 0xff, 0xff, 0xc3, 0xf0, 0x3c, 0x3f, 0x3c, 0xc0, 0x00, 0x0f, 0xff, 0x00, 0x00, 0x03, 0xc3, 0x00, 0x00, 0x0f,
    0xf0, 0x00, 0x00, 0xff, 0xff, 0xf0, 0x3c, 0x3f, 0xff, 0xff, 0xff, 0x0f, 0xff, 0xff, 0xf0, 0xff, 0xff, 0xc0, 0xc0, 0x3f,
    0xfc, 0x00, 0x00, 0x0f, 0xf3, 0x00, 0x00, 0x3f, 0xcf, 0x00, 0x03, 0xff, 0xff, 0x00, 0x00, 0x0f, 0xfc, 0x30, 0x3f, 0xff,
    0xf0, 0xff, 0xff, 0xff, 0xff, 0xff, 0xff, 0xff, 0xfc, 0x3c, 0x0f, 0xc3, 0xf0, 0x00, 0x03, 0x3c, 0xc0, 0x00, 0x00, 0xff,
    0xf0, 0x00, 0x00, 0xc3, 0xff, 0x00, 0x00, 0x0f, 0xfc, 0x3c, 0x0f, 0xff, 0xf0, 0xff, 0xff, 0xff, 0xff, 0x0f, 0xff, 0xff,
    0xfc, 0x03, 0x03, 0xff, 0xf0, 0x00, 0x00, 0x3f, 0xfc, 0x00, 0x00, 0xcf, 0xff, 0xc0, 0x00, 0xf3, 0xf0, 0x00, 0x00, 0xff,
    0xff, 0xfc, 0x0c, 0x3f, 0xff, 0xff, 0xff, 0x0f, 0x00, 0x00, 0x00, 0x00, 0x00, 0x00, 0x00, 0x00, 0x00, 0x00, 0x00, 0x00,
    0x00, 0x00, 0x00, 0x00, 0x00, 0x00, 0x00, 0x00, 0x00, 0x00, 0x00, 0x00, 0x00, 0x00, 0x00, 0x00, 0x00, 0x00, 0x00, 0x00,
    0x00, 0x00, 0x00, 0x00, 0x00, 0x00, 0x00, 0x00, 0x00, 0x00, 0x00, 0x00, 0x00, 0x00, 0x00, 0x00, 0x00, 0x00, 0x00, 0x00,
    0x00, 0x00, 0x00, 0x00, 0x00, 0x00, 0x00, 0x00, 0x00, 0x00, 0x00, 0x00, 0x00, 0x00, 0x00, 0x00, 0x00, 0x00, 0x00, 0x00,
    0x00, 0x00, 0x00, 0x00, 0x00, 0x00, 0x00, 0x00, 0x00, 0x00, 0x00, 0x00, 0x00, 0x00, 0x00, 0x00, 0x00, 0x00, 0x00, 0x00,
    0x00, 0x00, 0x00, 0x00, 0x00, 0x00, 0x00, 0x00, 0x00, 0x00, 0x00, 0x20, 0x40, 0x09, 0x07, 0x05, 0x00, 0x00, 0x00, 0x00,
    0x00, 0x00, 0x00, 0x00, 0x00, 0x00, 0x00, 0x00, 0x00, 0x00, 0x00, 0x00, 0x00, 0x00, 0x00, 0x00, 0x00, 0x00, 0x00, 0x00,
    0x00, 0x00, 0x00, 0x00, 0x00, 0xd0, 0x1e, 0xf0, 0x1e, 0x10, 0x1f, 0x10, 0x1e, 0xf0, 0x1d, 0xd0, 0x1d, 0x00, 0x00, 0x00,
    0x00, 0x00, 0x00, 0x00, 0x00, 0x00, 0x08, 0x20, 0x40, 0x80, 0xa0, 0xc0, 0xd0, 0xf0, 0x00, 0x00, 0x00, 0x00, 0x00, 0x00,
    0x00, 0x00, 0x00, 0x00, 0x00, 0x00, 0x00, 0x00, 0x00, 0x00, 0x00, 0x00, 0x00, 0x00, 0x00, 0x00, 0x00, 0x00, 0x00, 0x00,
    0x00, 0x00, 0x00, 0x00, 0x00, 0x00, 0x00, 0x00, 0x00, 0x00, 0x00, 0x00, 0x00, 0x00, 0x00, 0x00, 0x55, 0x55, 0x55, 0x55,
    0x40, 0x00, 0x00, 0x01, 0x40, 0x00, 0x00, 0x01, 0x40, 0x0a, 0x80, 0x01, 0x40, 0x2a, 0xa0, 0x01, 0x40, 0x3f, 0xfc, 0x01,
    0x40, 0xc3, 0xc3, 0x01, 0x40, 0xff, 0xff, 0x01, 0x40, 0xcc, 0x33, 0x01, 0x40, 0x33, 0xcc, 0x01, 0x40, 0x0f, 0xf0, 0x01,
    0x40, 0x03, 0xc0, 0x01, 0x40, 0x0b, 0xe0, 0x01, 0x40, 0x2a, 0xe8, 0x01, 0x40, 0x2a, 0xa8, 0x01, 0x55, 0x55, 0x55, 0x55,
    0x55, 0x55, 0x55, 0x55, 0x40, 0x00, 0x00, 0x01, 0x40, 0x01, 0x40, 0x01, 0x40, 0x15, 0xd4, 0x01, 0x40, 0x5f, 0xfd, 0x01,
    0x41, 0x73, 0xcd, 0x41, 0x41, 0xc4, 0x13, 0x41, 0x41, 0xf3, 0xcf, 0x41, 0x41, 0x7f, 0xff, 0x41, 0x41, 0x7c, 0x3d, 0x41,
    0x41, 0x4f, 0xf1, 0x41, 0x41, 0x43, 0xc1, 0x01, 0x41, 0x0b, 0xe0, 0x01, 0x40, 0x2b, 0xa8, 0x01, 0x40, 0x2a, 0xa8, 0x01,
    0x55, 0x55, 0x55, 0x55, 0xaa, 0xaa, 0xaa, 0xaa, 0xaa, 0xaa, 0x55, 0xaa, 0xaa, 0xaa, 0xaa, 0xaa, 0xaa, 0x55, 0x55, 0x55,
    0xaa, 0xaa, 0xa5, 0xaa, 0x95, 0x59, 0x55, 0x55, 0xa5, 0xaa, 0x95, 0x5a, 0x55, 0x55, 0x55, 0x55, 0xaa, 0xaa, 0xaa, 0xaa,
    0xff, 0xff, 0xea, 0xaa, 0xaa, 0xaa, 0xaa, 0xaa, 0xaf, 0xff, 0xff, 0x55, 0x55, 0x7f, 0xff, 0xfe, 0xaa, 0xaa, 0xaf, 0xf5,
    0x55, 0x55, 0x55, 0x55, 0x55, 0x55, 0x57, 0xfe, 0xaa, 0xfd, 0x55, 0x55, 0x55, 0x55, 0x55, 0x55, 0x55, 0x55, 0x5f, 0xea,
    0xff, 0x55, 0x55, 0x55, 0x55, 0x55, 0x55, 0x55, 0x55, 0x7f, 0xea, 0xff, 0xfd, 0x55, 0x55, 0x55, 0x55, 0x55, 0x55, 0x5f,
    0xff, 0xea, 0xaf, 0xff, 0xff, 0xff, 0xd5, 0x55, 0xff, 0xff, 0xff, 0xfe, 0xaa, 0xaa, 0xaf, 0xff, 0xff, 0xff, 0xff, 0xff,
    0xff, 0xfe, 0xaa, 0xaa, 0x00, 0x00, 0x00, 0x00, 0xff, 0xff, 0xc0, 0x00, 0x00, 0x00, 0x00, 0xaa, 0xaa, 0xaa, 0xaa, 0xab,
    0xff, 0xff, 0xff, 0xff, 0xaa, 0xaa, 0xaa, 0xaa, 0xaa, 0xaa, 0xaa, 0xbf, 0xff, 0xfd, 0x55, 0x55, 0x55, 0x55, 0xff, 0xff,
    0xfa, 0xaa, 0xaa, 0xaa, 0xff, 0xd5, 0x55, 0x55, 0x55, 0x55, 0x55, 0x55, 0x55, 0x55, 0x5f, 0xfe, 0xaa, 0xaf, 0x55, 0x55,
    0x55, 0x55, 0x55, 0x55, 0x55, 0x55, 0x55, 0x55, 0x55, 0x57, 0xea, 0xfd, 0x55, 0x55, 0x55, 0x55, 0x55, 0x55, 0x55, 0x55,
    0x55, 0x55, 0x55, 0x55, 0x7e, 0xfd, 0x55, 0x55, 0x55, 0x55, 0x55, 0x55, 0x55, 0x55, 0x55, 0x55, 0x55, 0x55, 0xfe, 0xff,
    0xd5, 0x55, 0x55, 0x55, 0x55, 0x55, 0x55, 0x55, 0x55, 0x55, 0x55, 0x5f, 0xfe, 0x9f, 0xff, 0xf5, 0x55, 0x55, 0x55, 0x55,
    0x55, 0x55, 0x55, 0x55, 0x7f, 0xff, 0xea, 0x16, 0xff, 0xff, 0xff, 0xff, 0x55, 0x55, 0x55, 0x57, 0xff, 0xff, 0xff, 0xfd,
    0x00, 0x96, 0xaa, 0x7f, 0xff, 0xff, 0xff, 0xff, 0xff, 0xff, 0xff, 0xff, 0xf6, 0xa5, 0xaa, 0x96, 0xaa, 0x5a, 0xaa, 0xab,
    0xff, 0xff, 0xff, 0xff, 0xaa, 0xaa, 0x96, 0xa5, 0xaa, 0x96, 0xaa, 0x5a, 0x96, 0xaa, 0x5a, 0x96, 0xaa, 0x5a, 0x96, 0xaa,
    0x5a, 0x96, 0xaa, 0x5a, 0x96, 0xaa, 0x5a, 0x96, 0xaa, 0x5a, 0x96, 0xaa, 0x5a, 0x96, 0xaa, 0x5a, 0x96, 0x96, 0x96, 0x96,
    0x96, 0x96, 0x96, 0x96, 0x96, 0x96, 0x96, 0x96, 0x96, 0x96, 0x96, 0x96, 0xa5, 0x96, 0xa5, 0x96, 0xa5, 0x96, 0xa5, 0x96,
    0xa5, 0x96, 0xa5, 0x96, 0xa5, 0x96, 0xa5, 0x96, 0xa5, 0x96, 0xa5, 0xa5, 0xa5, 0xa5, 0xa5, 0xa5, 0xa5, 0xa5, 0xa5, 0xa5,
    0xa5, 0xa5, 0xa5, 0xa5, 0xa5, 0xa5, 0x0e, 0x0b, 0xa3, 0x20, 0x00, 0x00, 0xff, 0xff, 0x03, 0x09, 0x3d, 0x21, 0x90, 0x21,
    0xff, 0xff, 0x02, 0x0a, 0x67, 0x21, 0x9b, 0x21, 0xff, 0xff, 0x01, 0x0f, 0x58, 0x21, 0x20, 0x03, 0x7b, 0x21, 0x2c, 0x23,
    0xff, 0xff, 0xaa, 0xaa, 0xff, 0xfa, 0xaa, 0xaa, 0xaa, 0xaf, 0xd5, 0xff, 0xaa, 0xaa, 0xaa, 0xb5, 0x55, 0x57, 0xfa, 0xaa,
    0xaa, 0xb5, 0x55, 0x55, 0x7e, 0xaa, 0xaa, 0xd5, 0x55, 0x55, 0x7e, 0xaa, 0xaa, 0xd5, 0x55, 0x55, 0x5f, 0xaa, 0xab, 0x55,
    0x55, 0x55, 0x5f, 0xaa, 0xab, 0x55, 0x55, 0x55, 0x57, 0xea, 0xab, 0x55, 0x55, 0x55, 0x57, 0xea, 0xad, 0x55, 0x55, 0x55,
    0x57, 0xea, 0xad, 0x55, 0x55, 0x55, 0x55, 0xfa, 0xad, 0x55, 0x55, 0x55, 0x55, 0xfa, 0x0f, 0x55, 0x55, 0x55, 0x55, 0xf0,
    0xab, 0x55, 0x55, 0x55, 0x55, 0xfa, 0xab, 0x55, 0x55, 0x55, 0x55, 0xfa, 0xab, 0x55, 0x55, 0x55, 0x55, 0xfa, 0xab, 0x55,
    0x55, 0x55, 0x55, 0xfa, 0xaa, 0xd5, 0x55, 0x55, 0x57, 0xea, 0xaa, 0x80, 0x00, 0x00, 0x02, 0xaa, 0xaa, 0xaa, 0xaf, 0xd5,
    0x55, 0x55, 0x57, 0xea, 0xaa, 0xaf, 0xfd, 0x55, 0x55, 0x55, 0x57, 0xea, 0xaa, 0xfd, 0x55, 0x55, 0x55, 0x55, 0x57, 0xea,
    0xaf, 0xd5, 0x55, 0x55, 0x55, 0x55, 0x7f, 0xaa, 0xbd, 0x55, 0x55, 0x55, 0x55, 0x57, 0xf5, 0xaa, 0xf5, 0x55, 0x55, 0x55,
    0x55, 0x7f, 0xa5, 0xaa, 0xd5, 0x55, 0x55, 0x55, 0x57, 0xfa, 0xa5, 0xaa, 0xff, 0xff, 0xff, 0xff, 0xff, 0xaa, 0xa5, 0xaa,
    0x5a, 0xaa, 0xa5, 0xaa, 0xa5, 0xaa, 0xa5, 0xaa, 0x5a, 0xaa, 0xaa, 0xaa, 0xa5, 0xaa, 0xaa, 0xaa, 0x06, 0x0a, 0xae, 0x21,
    0x02, 0x00, 0xff, 0xff, 0x06, 0x02, 0xea, 0x21, 0x92, 0x01, 0xea, 0x21, 0xe2, 0x01, 0xea, 0x21, 0x32, 0x02, 0xea, 0x21,
    0x82, 0x02, 0xea, 0x21, 0xd2, 0x02, 0xea, 0x21, 0x22, 0x03, 0xea, 0x21, 0x72, 0x03, 0xff, 0xff, 0x06, 0x07, 0xf6, 0x21,
    0xc2, 0x03, 0xff, 0xff, 0x08, 0x08, 0x20, 0x22, 0xb0, 0x24, 0xff, 0xff, 0x08, 0x01, 0x60, 0x22, 0xf0, 0x25, 0x60, 0x22,
    0x40, 0x06, 0x60, 0x22, 0x40, 0x26, 0x60, 0x22, 0x90, 0x06, 0x60, 0x22, 0x90, 0x26, 0x60, 0x22, 0xe0, 0x06, 0x68, 0x22,
    0xe0, 0x26, 0x68, 0x22, 0x30, 0x07, 0x68, 0x22, 0x30, 0x27, 0x68, 0x22, 0x80, 0x07, 0x68, 0x22, 0x80, 0x27, 0x68, 0x22,
    0xd0, 0x07, 0x68, 0x22, 0xd0, 0x27, 0xff, 0xff, 0x55, 0xa5, 0x55, 0x55, 0x55, 0x55, 0x5a, 0x55, 0x55, 0x55, 0x55, 0x55,
    0x55, 0xa5, 0xaa, 0x5a, 0x04, 0x40, 0xa1, 0x1a, 0xa4, 0x4a, 0xa1, 0x1a, 0xa4, 0x4a, 0xa1, 0x1a, 0xa4, 0x4a, 0xa1, 0x1a,
    0xa4, 0x4a, 0xa1, 0x1a, 0x96, 0xaa, 0x96, 0xaa, 0x96, 0xaa, 0x96, 0xaa, 0x96, 0xaa, 0xbe, 0xaa, 0xff, 0xaa, 0xbe, 0xaa,
    0xaa, 0xaa, 0xaa, 0xaa, 0xaa, 0xa4, 0xaa, 0x55, 0xa9, 0x55, 0xaa, 0x55, 0xaa, 0xa5, 0xaa, 0xaa, 0x44, 0x44, 0x11, 0x11,
    0x44, 0x44, 0x11, 0x11, 0x54, 0x44, 0x55, 0x55, 0x55, 0x55, 0xaa, 0xaa, 0xaa, 0xaa, 0xaa, 0xaa, 0x4a, 0xaa, 0x11, 0xaa,
    0x45, 0x6a, 0x55, 0xaa, 0x5a, 0xaa, 0xaa, 0xaa, 0x02, 0x08, 0xe0, 0x22, 0x00, 0x00, 0xe0, 0x22, 0x02, 0x00, 0xe0, 0x22,
    0x04, 0x00, 0xe0, 0x22, 0x40, 0x01, 0xe0, 0x22, 0x42, 0x01, 0xe0, 0x22, 0x44, 0x01, 0xf4, 0x22, 0x82, 0x02, 0x04, 0x23,
    0x84, 0x02, 0xf4, 0x22, 0xc2, 0x03, 0xf4, 0x22, 0x02, 0x05, 0xf0, 0x22, 0x42, 0x06, 0xf4, 0x22, 0x82, 0x07, 0x14, 0x23,
    0xc0, 0x08, 0x24, 0x23, 0xc2, 0x08, 0x34, 0x23, 0xc4, 0x08, 0xff, 0xff, 0x0b, 0x09, 0x40, 0x20, 0x00, 0x00, 0xff, 0xff,
    0x02, 0x08, 0xf4, 0x22, 0x44, 0x21, 0xf4, 0x22, 0x84, 0x22, 0xf4, 0x22, 0x24, 0x23, 0x14, 0x23, 0x62, 0x24, 0x24, 0x23,
    0x64, 0x24, 0x34, 0x23, 0x66, 0x24, 0xff, 0xff, 0xaa, 0xaa, 0xff, 0xfa, 0xaa, 0xaa, 0xaf, 0xf5, 0x7f, 0xaa, 0xaa, 0xfd,
    0x55, 0x55, 0xea, 0xab, 0xd5, 0x55, 0x55, 0xea, 0xab, 0xd5, 0x55, 0x55, 0x7a, 0xaf, 0x55, 0x55, 0x55, 0x7a, 0xaf, 0x55,
    0x55, 0x55, 0x5e, 0xbd, 0x55, 0x55, 0x55, 0x5e, 0xbd, 0x55, 0x55, 0x55, 0x5e, 0xbd, 0x55, 0x55, 0x55, 0x57, 0xf5, 0x55,
    0x55, 0x55, 0x57, 0xf5, 0x55, 0x55, 0x55, 0x5f, 0xf5, 0x55, 0x55, 0x55, 0x5e, 0xbd, 0x55, 0x55, 0x55, 0x7a, 0x05, 0x0a,
    0xa8, 0x23, 0x00, 0x00, 0xff, 0xff, 0x05, 0x01, 0xda, 0x23, 0x90, 0x01, 0xda, 0x23, 0x90, 0x21, 0xda, 0x23, 0xe0, 0x01,
    0xda, 0x23, 0xe0, 0x21, 0xda, 0x23, 0x30, 0x02, 0xda, 0x23, 0x30, 0x22, 0xda, 0x23, 0x80, 0x02, 0xda, 0x23, 0x80, 0x22,
    0xda, 0x23, 0xd0, 0x02, 0xda, 0x23, 0xd0, 0x22, 0xda, 0x23, 0x20, 0x03, 0xda, 0x23, 0x20, 0x23, 0xda, 0x23, 0x70, 0x03,
    0xda, 0x23, 0x70, 0x23, 0xdf, 0x23, 0xc0, 0x03, 0xe4, 0x23, 0xc0, 0x23, 0xe4, 0x23, 0x10, 0x04, 0xe4, 0x23, 0x10, 0x24,
    0xe4, 0x23, 0x60, 0x04, 0xe9, 0x23, 0x60, 0x24, 0xff, 0xff, 0xbd, 0x55, 0x55, 0x54, 0x0f, 0xff, 0xff, 0xfe, 0xaa, 0xbd,
    0x55, 0x55, 0x01, 0x55, 0x55, 0x55, 0x57, 0xea, 0xbf, 0x55, 0x40, 0x55, 0x55, 0x55, 0x55, 0x55, 0xfa, 0xaf, 0x50, 0x15,
    0x55, 0x55, 0x55, 0x55, 0x55, 0xfa, 0xac, 0x05, 0x55, 0x55, 0x55, 0x55, 0x55, 0x57, 0xea, 0xad, 0x55, 0x55, 0x55, 0x55,
    0x55, 0x57, 0xfe, 0xaa, 0xaf, 0x55, 0x55, 0x55, 0x5f, 0xff, 0xff, 0x82, 0xaa, 0xaf, 0xff, 0xff, 0xff, 0xff, 0x96, 0xaa,
    0x96, 0xaa, 0xa5, 0xaa, 0xa5, 0xaa, 0xaa, 0x96, 0xaa, 0x96, 0xa5, 0xaa, 0xaa, 0xaa, 0xaa, 0x96, 0xaa, 0x96, 0xa5, 0xaa,
    0xaa, 0xaa, 0xaa, 0x96, 0xaa, 0xaa, 0xaa, 0xaa, 0xaa, 0xaa, 0xaa, 0x96, 0xaa, 0xaa, 0x09, 0x08, 0x4a, 0x24, 0xb0, 0x04,
    0xff, 0xff, 0x08, 0x01, 0x92, 0x24, 0xf0, 0x05, 0x92, 0x24, 0xf0, 0x25, 0x92, 0x24, 0x40, 0x06, 0x92, 0x24, 0x40, 0x26,
    0x92, 0x24, 0x90, 0x06, 0x92, 0x24, 0x90, 0x26, 0x92, 0x24, 0xe0, 0x06, 0x92, 0x24, 0xe0, 0x26, 0x9a, 0x24, 0x30, 0x07,
    0xa2, 0x24, 0x30, 0x27, 0xa2, 0x24, 0x80, 0x07, 0xa2, 0x24, 0x80, 0x27, 0xa2, 0x24, 0xd0, 0x07, 0xa2, 0x24, 0xd0, 0x27,
    0xaa, 0x24, 0x20, 0x08, 0xaa, 0x24, 0xd0, 0x27, 0xff, 0xff, 0x2a, 0xaa, 0x8a, 0xaa, 0xa2, 0xaa, 0xa8, 0xaa, 0xaa, 0x2a,
    0xaa, 0x8a, 0xaa, 0xa2, 0xaa, 0xa8, 0xaa, 0xa2, 0xaa, 0x8a, 0xaa, 0x2a, 0xa8, 0xaa, 0xa2, 0xaa, 0x8a, 0xaa, 0x2a, 0xaa,
    0x02, 0x08, 0xfe, 0x24, 0x00, 0x00, 0xfe, 0x24, 0x42, 0x01, 0xfe, 0x24, 0xcc, 0x11, 0xfe, 0x24, 0x0e, 0x13, 0x0c, 0x25,
    0x4e, 0x00, 0x0c, 0x25, 0x8c, 0x01, 0x0c, 0x25, 0xc0, 0x12, 0x0c, 0x25, 0x82, 0x11, 0xff, 0xff, 0xaa, 0xaa, 0xaa, 0xaa,
    0xaa, 0xaa, 0xaa, 0xaa, 0xaa, 0xaa, 0xaa, 0xaa, 0xff, 0xff, 0xaa, 0xfa, 0x5a, 0xa5, 0x55, 0x55, 0x55, 0x55, 0xa5, 0x5a,
    0x5a, 0xa5, 0x55, 0x55, 0x55, 0x55, 0xa5, 0x5a, 0x00, 0x00, 0x00, 0x00, 0x00, 0x00, 0x00, 0x00, 0x00, 0x00, 0x00, 0x00,
    0x00, 0x00, 0x00, 0x00, 0x02, 0x08, 0x40, 0x25, 0x00, 0x00, 0x40, 0x25, 0x02, 0x00, 0x40, 0x25, 0x04, 0x00, 0x40, 0x25,
    0x06, 0x00, 0x40, 0x25, 0x08, 0x00, 0x40, 0x25, 0x0a, 0x00, 0x40, 0x25, 0x0c, 0x00, 0x40, 0x25, 0x0e, 0x00, 0x50, 0x25,
    0x40, 0x01, 0x50, 0x25, 0x42, 0x01, 0x50, 0x25, 0x80, 0x02, 0x50, 0x25, 0x82, 0x02, 0x50, 0x25, 0xc0, 0x03, 0x50, 0x25,
    0xc2, 0x03, 0x50, 0x25, 0x4c, 0x01, 0x50, 0x25, 0x4e, 0x01, 0x50, 0x25, 0x8c, 0x02, 0x50, 0x25, 0x8e, 0x02, 0x50, 0x25,
    0xcc, 0x03, 0x50, 0x25, 0xce, 0x03, 0x60, 0x25, 0x44, 0x01, 0x60, 0x25, 0x46, 0x01, 0x60, 0x25, 0x48, 0x01, 0x60, 0x25,
    0x4a, 0x01, 0x60, 0x25, 0x84, 0x02, 0x60, 0x25, 0x86, 0x02, 0x60, 0x25, 0x88, 0x02, 0x60, 0x25, 0x8a, 0x02, 0xff, 0xff,
    0xaa, 0xad, 0xda, 0xaa, 0xa7, 0xa7, 0x7a, 0xda, 0xdd, 0xdd, 0xa7, 0x77, 0xa7, 0x7a, 0xdd, 0xda, 0xda, 0xdd, 0xa7, 0xa7,
    0x77, 0x7a, 0x6a, 0xdd, 0xda, 0xde, 0xdd, 0xa7, 0xa7, 0x7b, 0x67, 0x6a, 0xaa, 0xa0, 0x0a, 0xaa, 0xaa, 0x00, 0x00, 0xaa,
    0xaa, 0x00, 0x00, 0xaa, 0xaa, 0xa0, 0x0a, 0xaa, 0xaa, 0xa0, 0x0a, 0xaa, 0xaa, 0xa0, 0x0a, 0xaa, 0xaa, 0xa0, 0x0a, 0xaa,
    0xaa, 0x00, 0x00, 0xaa, 0x04, 0x10, 0xe4, 0x25, 0xf0, 0x03, 0xe4, 0x25, 0xf8, 0x03, 0xe4, 0x25, 0x00, 0x04, 0xff, 0xff,
    0x00, 0x00, 0xee, 0x23, 0xf6, 0x23, 0xb2, 0x24, 0xba, 0x24, 0x70, 0x22, 0x78, 0x22, 0x98, 0x22, 0xa0, 0x22, 0xa8, 0x22,
    0x8a, 0x21, 0x92, 0x21, 0x9a, 0x21, 0xa2, 0x21, 0x00, 0x00, 0x00, 0x00, 0x00, 0x00, 0x00, 0x00, 0x00, 0x00, 0x00, 0x00,
    0x00, 0x00, 0x00, 0x00, 0x00, 0x00, 0x00, 0x00, 0x00, 0x00, 0x00, 0x00, 0x00, 0x00, 0x00, 0x00, 0x00, 0x00, 0x00, 0x00,
    0x00, 0x00, 0x00, 0x00, 0x00, 0x00, 0x00, 0x00, 0x00, 0x00, 0x00, 0x00, 0x00, 0x00, 0x00, 0x00, 0xfc, 0x55, 0x55, 0x55,
    0x55, 0x55, 0x55, 0x55, 0x55, 0x3f, 0xec, 0x55, 0x55, 0x55, 0x55, 0x55, 0x55, 0x55, 0x55, 0x3b, 0xf8, 0x55, 0x55, 0xf5,
    0x55, 0x55, 0x55, 0x55, 0x55, 0x2f, 0xec, 0x55, 0x5f, 0x55, 0xf5, 0x55, 0x57, 0xd5, 0x55, 0x3b, 0xf8, 0x55, 0xf5, 0x5f,
    0x55, 0x55, 0x7d, 0x55, 0x55, 0x2f, 0xec, 0x55, 0xf5, 0x55, 0x55, 0x57, 0xd5, 0x55, 0x55, 0x3b, 0xf8, 0x5f, 0x55, 0x55,
    0x55, 0x57, 0xd5, 0x55, 0x55, 0x2f, 0xec, 0x55, 0x55, 0x55, 0x55, 0x7d, 0x55, 0x55, 0x55, 0x3b, 0xf8, 0x55, 0x55, 0x5f,
    0x55, 0x55, 0x55, 0x5f, 0x55, 0x2f, 0xec, 0x55, 0x55, 0xf5, 0x55, 0x55, 0x55, 0x75, 0x55, 0x3b, 0xf8, 0x55, 0x57, 0x55,
    0x55, 0x55, 0x57, 0x55, 0x55, 0x2f, 0xec, 0x55, 0x5d, 0x55, 0x55, 0x55, 0x5d, 0x55, 0x55, 0x3b, 0xf8, 0x55, 0x55, 0x55,
    0x55, 0x55, 0xf5, 0x55, 0x55, 0x2f, 0xec, 0x55, 0x55, 0x55, 0x55, 0x55, 0x55, 0x55, 0x55, 0x3b, 0xf8, 0x55, 0x55, 0x55,
    0x55, 0x55, 0x55, 0x55, 0x55, 0x2f, 0xfc, 0x00, 0x00, 0x00, 0x00, 0x00, 0x00, 0x00, 0x00, 0x3f, 0x40, 0x56, 0x04, 0x16,
    0x05, 0x16, 0x05, 0x06, 0x41, 0x42, 0x41, 0x42, 0x50, 0x02, 0x54, 0x06, 0x50, 0x56, 0x50, 0x56, 0x50, 0x56, 0x50, 0x56,
    0x50, 0x16, 0x54, 0x16, 0x54, 0x16, 0x54, 0x16, 0x50, 0x16, 0x40, 0x06, 0x55, 0x06, 0x50, 0x16, 0x40, 0x56, 0x41, 0x56,
    0x40, 0x16, 0x40, 0x06, 0x50, 0x16, 0x40, 0x06, 0x41, 0x06, 0x55, 0x06, 0x54, 0x02, 0x55, 0x42, 0x50, 0x42, 0x54, 0x06,
    0x55, 0x06, 0x05, 0x06, 0x04, 0x02, 0x00, 0x06, 0x41, 0x06, 0x55, 0x06, 0x55, 0x06, 0x55, 0x56, 0x40, 0x06, 0x41, 0x46,
    0x41, 0x56, 0x40, 0x16, 0x54, 0x06, 0x55, 0x06, 0x41, 0x06, 0x50, 0x16, 0x50, 0x16, 0x40, 0x56, 0x41, 0x56, 0x00, 0x16,
    0x00, 0x06, 0x05, 0x06, 0x00, 0x06, 0x40, 0x56, 0x54, 0x02, 0x40, 0x02, 0x41, 0x42, 0x55, 0x42, 0x55, 0x02, 0x55, 0x06,
    0x55, 0x06, 0x55, 0x06, 0x54, 0x06, 0x50, 0x42, 0x50, 0x42, 0x54, 0x06, 0x50, 0x16, 0x41, 0x06, 0x41, 0x06, 0x50, 0x16,
    0x40, 0x16, 0x00, 0x06, 0x05, 0x02, 0x00, 0x02, 0x40, 0x42, 0x55, 0x42, 0x54, 0x06, 0x54, 0x16, 0x50, 0x06, 0x00, 0x06,
    0x00, 0x56, 0x54, 0x16, 0x54, 0x16, 0x55, 0x02, 0x50, 0x02, 0x50, 0x16, 0x55, 0x06, 0x54, 0x16, 0x54, 0x16, 0x50, 0x56,
    0x55, 0x56, 0x41, 0x56, 0x41, 0x56, 0x55, 0x56, 0x55, 0x06, 0x05, 0x06, 0x05, 0x06, 0x04, 0x06, 0x00, 0x02, 0x40, 0x42,
    0x41, 0x42, 0x41, 0x56, 0x55, 0x56, 0x55, 0x56, 0x55, 0x56, 0x41, 0x56, 0x50, 0x16, 0x55, 0x56, 0x55, 0x56, 0x55, 0x56,
    0x40, 0x56, 0x04, 0x16, 0x05, 0x56, 0x05, 0x56, 0x01, 0x16, 0x40, 0x16, 0x50, 0x56, 0x55, 0x56, 0x54, 0x16, 0x50, 0x06,
    0x41, 0x46, 0x40, 0x06, 0x05, 0x06, 0x04, 0x16, 0x54, 0x16, 0x55, 0x56, 0x50, 0x02, 0x40, 0x16, 0x44, 0x16, 0x54, 0x16,
    0x55, 0x06, 0x55, 0x06, 0x55, 0x06, 0x55, 0x56, 0x05, 0x56, 0x05, 0x56, 0x05, 0x56, 0x01, 0x56, 0x41, 0x56, 0x41, 0x42,
    0x40, 0x02, 0x40, 0x06, 0x05, 0x42, 0x05, 0x42, 0x41, 0x42, 0x41, 0x06, 0x41, 0x06, 0x41, 0x06, 0x50, 0x16, 0x54, 0x16,
    0x40, 0x16, 0x00, 0x56, 0x05, 0x56, 0x05, 0x16, 0x40, 0x56, 0x41, 0x46, 0x40, 0x06, 0x40, 0x16, 0x41, 0x42, 0x40, 0x40,
    0x00, 0x00, 0x04, 0x10, 0x04, 0x10, 0x04, 0x10, 0x05, 0x50, 0x05, 0x56, 0x05, 0x56, 0x05, 0x42, 0x05, 0x42, 0x05, 0x42,
    0x05, 0x42, 0x41, 0x06, 0x40, 0x06, 0x50, 0x16, 0x40, 0x16, 0x01, 0x56, 0x05, 0x56, 0x00, 0x16, 0x40, 0x06, 0x55, 0x06,
    0x04, 0x06, 0x40, 0x16, 0x41, 0x42, 0x41, 0x06, 0x40, 0x16, 0x40, 0x56, 0x04, 0x16, 0x04, 0x16, 0x05, 0x06, 0x55, 0x56,
    0x02, 0x08, 0xe0, 0x27, 0xc4, 0x12, 0xc0, 0x27, 0x26, 0x12, 0xd0, 0x27, 0x88, 0x11, 0xf0, 0x27, 0xd0, 0x12, 0xf0, 0x27,
    0x42, 0x14, 0x00, 0x28, 0xc4, 0x11, 0x10, 0x28, 0xc6, 0x11, 0x20, 0x28, 0xc8, 0x11, 0x30, 0x28, 0x04, 0x19, 0x30, 0x28,
    0x1e, 0x14, 0x20, 0x27, 0xc0, 0x14, 0x40, 0x28, 0x02, 0x16, 0x50, 0x28, 0xa4, 0x16, 0x20, 0x28, 0xa8, 0x11, 0xe0, 0x27,
    0x4a, 0x12, 0x50, 0x28, 0x8c, 0x13, 0x60, 0x28, 0xce, 0x14, 0x60, 0x28, 0xf4, 0x17, 0x20, 0x27, 0x56, 0x17, 0x70, 0x28,
    0xb8, 0x16, 0x80, 0x28, 0xba, 0x16, 0xc0, 0x27, 0x5c, 0x17, 0x50, 0x28, 0xfe, 0x17, 0x80, 0x28, 0x40, 0x19, 0xff, 0xff,
    0xaa, 0xaa, 0xaa, 0xaa, 0xaa, 0xaa, 0xaa, 0xaa, 0xaa, 0xaa, 0x5a, 0xaa, 0x55, 0xaa, 0x55, 0x6a, 0xaa, 0xaa, 0xaa, 0xaa,
    0xaa, 0xaa, 0xaa, 0x56, 0x5a, 0x56, 0x55, 0x56, 0x55, 0x56, 0x55, 0x56, 0xaa, 0xaa, 0xa5, 0xaa, 0x55, 0xaa, 0x55, 0xaa,
    0x55, 0x5a, 0x55, 0x5a, 0x55, 0x5a, 0x55, 0x56, 0xaa, 0xaa, 0xaa, 0xaa, 0xaa, 0xaa, 0xa5, 0xaa, 0xa5, 0x56, 0xa5, 0x56,
    0x55, 0x56, 0x55, 0x56, 0x55, 0x56, 0x55, 0xaa, 0x5a, 0xaa, 0x55, 0x56, 0x55, 0xaa, 0xa5, 0x56, 0xaa, 0x56, 0xaa, 0x56,
    0xaa, 0x56, 0xa5, 0x56, 0x55, 0x56, 0xaa, 0x56, 0xa5, 0x56, 0x55, 0x56, 0x55, 0x5a, 0x5a, 0xa6, 0xaa, 0xaa, 0xaa, 0xaa,
    0xaa, 0xa6, 0x5a, 0x56, 0x5a, 0x56, 0xaa, 0x56, 0xaa, 0x56, 0xaa, 0xaa, 0xaa, 0xaa, 0x55, 0x56, 0x55, 0x56, 0x55, 0x56,
    0x55, 0x56, 0x55, 0x56, 0x55, 0x56, 0x55, 0x56, 0x55, 0x5a, 0xa5, 0x56, 0x55, 0x56, 0x55, 0x56, 0x55, 0x56, 0x55, 0x6f,
    0xf9, 0x56, 0x55, 0x56, 0x55, 0x56, 0x55, 0x56, 0x55, 0xae, 0xbe, 0x56, 0x55, 0x56, 0x55, 0x56, 0x55, 0x00, 0x02, 0xb9,
    0x6e, 0x56, 0x55, 0x56, 0x55, 0x54, 0x00, 0x3f, 0xfa, 0xe0, 0x2e, 0x56, 0x55, 0x56, 0x55, 0x43, 0xfc, 0xff, 0xff, 0xef,
    0xee, 0x06, 0x55, 0x56, 0x55, 0x3c, 0x88, 0x03, 0xff, 0xff, 0xbe, 0xf0, 0x55, 0x56, 0x54, 0xf0, 0x22, 0x20, 0x03, 0xff,
    0xff, 0xff, 0x15, 0x56, 0x54, 0xc0, 0x08, 0x88, 0x88, 0x00, 0x0f, 0xff, 0x15, 0x56, 0x54, 0xf0, 0x00, 0x22, 0x22, 0x22,
    0x20, 0x00, 0x55, 0x56, 0x54, 0x3c, 0x00, 0x00, 0x00, 0x00, 0x0f, 0x06, 0x55, 0x56, 0x54, 0xc3, 0xfc, 0x00, 0x00, 0x0f,
    0xf0, 0xc6, 0x54, 0xd8, 0x03, 0xff, 0xff, 0xf0, 0x09, 0xc6, 0x54, 0xe6, 0x64, 0x00, 0x00, 0x06, 0x66, 0xc6, 0x54, 0xd9,
    0x99, 0x99, 0x99, 0x99, 0x99, 0xc6, 0x54, 0xe6, 0x66, 0x66, 0x66, 0x66, 0x66, 0xc6, 0x54, 0xc9, 0x99, 0x99, 0x99, 0x99,
    0x98, 0xc6, 0x54, 0xf2, 0x66, 0x66, 0x66, 0x66, 0x63, 0xc6, 0x54, 0x3c, 0x01, 0x99, 0x99, 0x90, 0x0f, 0x06, 0xa8, 0xc3,
    0xfc, 0x00, 0x00, 0x0f, 0xf0, 0xca, 0xa8, 0xd8, 0x03, 0xff, 0xff, 0xf0, 0x09, 0xca, 0xa8, 0xe6, 0x64, 0x00, 0x00, 0x06,
    0x66, 0xca, 0xa8, 0xd9, 0x99, 0x99, 0x99, 0x99, 0x99, 0xca, 0xa8, 0xe6, 0x66, 0x66, 0x66, 0x66, 0x66, 0xca, 0xa8, 0xd9,
    0x99, 0x99, 0x99, 0x99, 0x99, 0xca, 0xa8, 0xf6, 0x66, 0x66, 0x66, 0x66, 0x67, 0xca, 0xa8, 0x03, 0x99, 0x99, 0x99, 0x99,
    0x9f, 0x0a, 0xaa, 0x83, 0xfe, 0x66, 0x66, 0x6f, 0xf0, 0xaa, 0xaa, 0xa8, 0x03, 0xff, 0xff, 0xf0, 0x0a, 0xaa, 0xaa, 0xaa,
    0xa8, 0x00, 0x00, 0x0a, 0xaa, 0xaa, 0x26, 0x17, 0xf0, 0x15, 0x3a, 0x17, 0x46, 0x17, 0x5c, 0x17, 0x26, 0x16, 0x00, 0x00,
    0xe6, 0x15, 0xee, 0x15, 0x38, 0x17, 0x48, 0x17, 0x24, 0x16, 0x00, 0x00, 0x26, 0x17, 0xf0, 0x15, 0x48, 0x17, 0x22, 0x16,
    0x00, 0x00, 0x28, 0x17, 0xf6, 0x15, 0x66, 0x17, 0x00, 0x00, 0x00, 0x0e, 0x1a, 0x24, 0x1a, 0x24, 0x1a, 0x24, 0x06, 0x14,
    0x20, 0x2e, 0x2e, 0x34, 0x3a, 0x40, 0x00, 0x00, 0x00, 0x00, 0x00, 0x00, 0x00, 0x00, 0x00, 0x00, 0x00, 0x00, 0x00, 0x00,
    0x00, 0x90, 0x28, 0xe0, 0x27, 0x20, 0x28, 0x10, 0x28, 0x00, 0x00, 0x00, 0x00, 0x00, 0x00, 0x00, 0x00, 0x00, 0x00, 0x00,
    0x00, 0x00, 0x00, 0x00, 0x00, 0x00, 0x00, 0x00, 0x00, 0x00, 0x00, 0x00, 0x55, 0x5a, 0x95, 0x6a, 0x55, 0x55, 0x55, 0x69,
    0xa5, 0xa6, 0x95, 0x55, 0x55, 0x69, 0x65, 0xa2, 0x85, 0x55, 0x55, 0x5a, 0x68, 0xba, 0xc0, 0x55, 0x55, 0x42, 0xaa, 0xab,
    0xfc, 0x01, 0x40, 0x0f, 0xaa, 0xaa, 0xff, 0xf0, 0x0f, 0xea, 0xbf, 0xfe, 0xaf, 0xc0, 0x03, 0xaf, 0xff, 0xff, 0xe8, 0x0c,
    0x32, 0xbf, 0xff, 0xc0, 0x2b, 0xfc, 0x3e, 0x80, 0xc0, 0x0f, 0xeb, 0xfc, 0x3e, 0xbc, 0x0f, 0xff, 0xeb, 0xc0, 0x02, 0xbf,
    0x3f, 0xff, 0xe8, 0x05, 0x52, 0xbf, 0x3f, 0xc0, 0x25, 0x55, 0x55, 0x83, 0x30, 0x05, 0x55, 0x55, 0x55, 0x54, 0x05, 0x55,
    0x55, 0x55, 0x60, 0x00, 0xc8, 0x00, 0x40, 0x00, 0xe8, 0x00, 0x20, 0x00, 0x08, 0x01, 0x80, 0x00, 0xa8, 0x00, 0x00, 0x00,
    0x00, 0x00, 0x00, 0x00, 0x00, 0x00, 0x00, 0x00, 0x00, 0x00, 0x00, 0x00, 0x00, 0x00, 0x00, 0x00, 0x00, 0x00, 0x00, 0x00,
    0x00, 0x00, 0x00, 0x00, 0x00, 0x00, 0x00, 0x00, 0x00, 0x00, 0x55, 0x55, 0x55, 0x55, 0x55, 0x55, 0x55, 0x55, 0x55, 0x55,
    0x55, 0x55, 0x55, 0x55, 0x55, 0x55, 0x55, 0x55, 0x55, 0x55, 0x55, 0x55, 0x55, 0x55, 0x55, 0x55, 0x55, 0x55, 0x55, 0x55,
    0x55, 0x55, 0x55, 0x55, 0x55, 0x55, 0x55, 0x55, 0x55, 0x55, 0x55, 0x55, 0x55, 0x55, 0x55, 0x55, 0x55, 0x55, 0x55, 0x55,
    0x55, 0x55, 0x55, 0x55, 0x55, 0x55, 0x55, 0x55, 0x55, 0x55, 0x55, 0x55, 0x55, 0x55, 0x55, 0x55, 0x55, 0x55, 0x55, 0x55,
    0x55, 0x55, 0x55, 0x55, 0x55, 0x55, 0x55, 0x55, 0x55, 0x55, 0x55, 0x55, 0x55, 0x55, 0x55, 0x55, 0x55, 0x55, 0x55, 0x55,
    0xb0, 0x98, 0x80, 0x68, 0x50, 0x38, 0x20, 0x00, 0x12, 0x24, 0x36, 0x48, 0x5a, 0x6c, 0x00, 0x00, 0x00, 0x00, 0x00, 0x00,
    0x00, 0x00, 0x00, 0x00, 0x00, 0x00, 0x00, 0x00, 0x00, 0x00, 0x00, 0x00, 0x00, 0x00, 0x00, 0x00, 0x00, 0x00, 0x00, 0x00,
    0x00, 0x00, 0x00, 0x00, 0x00, 0x00, 0x00, 0x00, 0x00, 0x00, 0x00, 0x00, 0x00, 0x00, 0x00, 0x00, 0x00, 0x00, 0x00, 0x00,
    0x00, 0x00, 0x00, 0x00, 0x00, 0x00, 0x00, 0x00, 0x00, 0x00, 0x00, 0x00, 0x00, 0x00, 0x00, 0x00, 0x00, 0x00, 0x00, 0x00,
    0x00, 0x00, 0x00, 0x00, 0x00, 0x00, 0x00, 0x00, 0x00, 0x00, 0x00, 0x00, 0x00, 0x00, 0x00, 0x00, 0x00, 0x00, 0x00, 0x00,
    0x00, 0x00, 0x00, 0x00, 0x00, 0x00, 0x00, 0x00, 0x00, 0x00, 0x00, 0x00, 0x00, 0x00, 0x00, 0x00, 0x00, 0x00, 0x00, 0x00,
    0x00, 0x00, 0x00, 0x00, 0x00, 0x00, 0x00, 0x00, 0x00, 0x00, 0x00, 0x00, 0x00, 0x00, 0x00, 0x00, 0x00, 0x00, 0x00, 0x00,
    0x55, 0x5f, 0xf5, 0x55, 0x55, 0x55, 0x55, 0x55, 0x55, 0x55, 0xff, 0x55, 0x5a, 0xa5, 0x55, 0x55, 0x55, 0x5f, 0xff, 0xd5,
    0xaa, 0xaa, 0x55, 0x55, 0x55, 0x55, 0xff, 0xfd, 0xaa, 0xaa, 0x95, 0x55, 0x55, 0xff, 0xea, 0xbf, 0xaa, 0xaa, 0x55, 0x55,
    0x55, 0x5f, 0xaa, 0xaa, 0xaa, 0xa2, 0x55, 0x55, 0x5f, 0xff, 0xa5, 0xaa, 0xaa, 0xaa, 0x9f, 0x55, 0x55, 0xff, 0xaa, 0x5a,
    0xaa, 0xaa, 0x55, 0xf5, 0x55, 0x5f, 0xfa, 0xaa, 0xaa, 0xa9, 0x55, 0xf5, 0x5f, 0xff, 0xf5, 0xaa, 0xaa, 0x95, 0x55, 0x7d,
    0x55, 0xff, 0x55, 0x5a, 0x0a, 0xaa, 0x55, 0x5f, 0x55, 0x55, 0x55, 0xaa, 0x80, 0xaa, 0xa5, 0xaf, 0x55, 0x55, 0x56, 0xaa,
    0xa8, 0x05, 0xaa, 0xaf, 0x55, 0x55, 0x5a, 0xaa, 0xaa, 0x40, 0x55, 0x5f, 0x55, 0x55, 0x5a, 0xaa, 0xaa, 0x54, 0x05, 0x5f,
    0x55, 0x55, 0x5a, 0xaa, 0xa9, 0x55, 0x40, 0x7f, 0x55, 0xa5, 0x6a, 0xaa, 0xa9, 0x55, 0x54, 0xfd, 0x55, 0xaa, 0xaa, 0x6a,
    0xa5, 0x55, 0x5f, 0xf0, 0x56, 0x9a, 0xa9, 0x5a, 0x55, 0x55, 0xff, 0x55, 0x56, 0x55, 0xa5, 0x6a, 0x55, 0x5f, 0xd5, 0x55,
    0x55, 0x55, 0x55, 0x69, 0x55, 0x55, 0x55, 0x55, 0x55, 0x55, 0x55, 0xa9, 0x55, 0x55, 0x55, 0x55, 0x55, 0x55, 0x55, 0xa5,
    0x55, 0x55, 0x55, 0x55, 0x55, 0x55, 0x55, 0x69, 0x55, 0x55, 0x55, 0x55, 0x55, 0x55, 0x55, 0x55, 0x55, 0x5f, 0xf5, 0x55,
    0x55, 0x55, 0x5a, 0xa5, 0x55, 0xff, 0x55, 0x55, 0x55, 0x55, 0xaa, 0xaa, 0x57, 0xff, 0xf5, 0x55, 0x55, 0x56, 0xaa, 0xaa,
    0x7f, 0xff, 0x55, 0x55, 0x55, 0x55, 0xaa, 0xaa, 0xfe, 0xab, 0xff, 0x55, 0x55, 0x55, 0x8a, 0xaa, 0xaa, 0xaa, 0xf5, 0x55,
    0x55, 0xf6, 0xaa, 0xaa, 0xaa, 0x5a, 0xff, 0xf5, 0x5f, 0x55, 0xaa, 0xaa, 0xa5, 0xaa, 0xff, 0x55, 0x5f, 0x55, 0x6a, 0xaa,
    0xaa, 0xaf, 0xf5, 0x55, 0x7d, 0x55, 0x56, 0xaa, 0xaa, 0x5f, 0xff, 0xf5, 0xf5, 0x55, 0xaa, 0xa0, 0xa5, 0x55, 0xff, 0x55,
    0xfa, 0x5a, 0xaa, 0x02, 0xaa, 0x55, 0x55, 0x55, 0xfa, 0xaa, 0x50, 0x2a, 0xaa, 0x95, 0x55, 0x55, 0xf5, 0x55, 0x01, 0xaa,
    0xaa, 0xa5, 0x55, 0x55, 0xf5, 0x50, 0x15, 0xaa, 0xaa, 0xa5, 0x55, 0x55, 0xfd, 0x01, 0x55, 0x6a, 0xaa, 0xa5, 0x55, 0x55,
    0x7f, 0x15, 0x55, 0x6a, 0xaa, 0xa9, 0x5a, 0x55, 0x0f, 0xf5, 0x55, 0x5a, 0xa9, 0xaa, 0xaa, 0x55, 0x55, 0xff, 0x55, 0x55,
    0xa5, 0x6a, 0xa6, 0x95, 0x55, 0x57, 0xf5, 0x55, 0xa9, 0x5a, 0x55, 0x95, 0x55, 0x55, 0x55, 0x55, 0x69, 0x55, 0x55, 0x55,
    0x55, 0x55, 0x55, 0x55, 0x6a, 0x55, 0x55, 0x55, 0x55, 0x55, 0x55, 0x55, 0x5a, 0x55, 0x55, 0x55, 0x55, 0x55, 0x55, 0x55,
    0x69, 0x55, 0x55, 0x55, 0x5a, 0xa5, 0x6a, 0x95, 0x6a, 0xa9, 0xaa, 0xa5, 0x6a, 0xaa, 0xaa, 0xa5, 0x6a, 0xaa, 0xaa, 0xa5,
    0x5a, 0xaa, 0xaa, 0x95, 0x55, 0xaa, 0xa9, 0x55, 0x55, 0x5a, 0x95, 0x55, 0x55, 0x56, 0x55, 0x55, 0x55, 0x55, 0x54, 0x05,
    0x50, 0x15, 0x40, 0x01, 0x40, 0x01, 0x40, 0x01, 0x40, 0x15, 0x54, 0x01, 0x40, 0x00, 0x14, 0x05, 0x54, 0x00, 0x15, 0x15,
    0x55, 0x54, 0x01, 0x55, 0x55, 0x55, 0x55, 0x55, 0xe0, 0x2d, 0x00, 0x2e, 0x08, 0x18, 0x60, 0x2c, 0x40, 0x1a, 0x20, 0x2d,
    0x88, 0x1a, 0x60, 0x2c, 0x80, 0x16, 0x20, 0x2d, 0xc8, 0x16, 0x60, 0x2c, 0xc0, 0x12, 0x20, 0x2d, 0x08, 0x13, 0x60, 0x2c,
    0x00, 0x0f, 0x20, 0x2d, 0x48, 0x0f, 0x60, 0x2c, 0x40, 0x0b, 0x20, 0x2d, 0x88, 0x0b, 0x60, 0x2c, 0x80, 0x07, 0x20, 0x2d,
    0xc8, 0x07, 0x60, 0x2c, 0xc0, 0x03, 0x20, 0x2d, 0x08, 0x04, 0x60, 0x2c, 0x00, 0x00, 0x20, 0x2d, 0x48, 0x00, 0x60, 0x2c,
    0x08, 0x00, 0x20, 0x2d, 0x40, 0x00, 0x60, 0x2c, 0x10, 0x00, 0x20, 0x2d, 0x38, 0x00, 0x60, 0x2c, 0x18, 0x00, 0x20, 0x2d,
    0x30, 0x00, 0x60, 0x2c, 0x20, 0x00, 0x20, 0x2d, 0x28, 0x00, 0xff, 0xff, 0x00, 0x00, 0x00, 0x00, 0x00, 0x00, 0x00, 0x00,
    0x00, 0x00, 0x00, 0x00, 0x00, 0x00, 0x00, 0x00, 0x00, 0x00, 0x00, 0x00, 0x00, 0x00, 0x00, 0x00, 0x00, 0x00, 0x00, 0x0f,
    0x00, 0x00, 0x00, 0x0f, 0x00, 0x00, 0x00, 0x3c, 0x00, 0x00, 0x00, 0x3c, 0x00, 0x00, 0x00, 0xf0, 0x00, 0x00, 0x00, 0xf0,
    0x00, 0x00, 0x03, 0xc0, 0x00, 0x00, 0x03, 0xc0, 0x00, 0x00, 0x0f, 0x00, 0x00, 0x00, 0x0f, 0x00, 0x00, 0x00, 0x3c, 0x00,
    0x00, 0x00, 0x3c, 0x00, 0x00, 0x00, 0xf0, 0x00, 0x00, 0x00, 0xf0, 0x00, 0x00, 0x03, 0xc0, 0x00, 0x00, 0x03, 0xc0, 0x00,
    0x00, 0xff, 0x00, 0x00, 0x00, 0xff, 0xc0, 0x00, 0x0f, 0xff, 0xf0, 0x00, 0x0f, 0xff, 0xf0, 0x00, 0xff, 0xff, 0xf0, 0x00,
    0xff, 0xff, 0xf0, 0x00, 0x0f, 0xff, 0xf0, 0x00, 0x0f, 0xff, 0xf0, 0x00, 0x00, 0x0f, 0x00, 0x00, 0x00, 0x0f, 0x00, 0x00,
    0x00, 0x00, 0x00, 0x00, 0x00, 0x00, 0x00, 0x00, 0x00, 0x00, 0x00, 0x00, 0x00, 0x00, 0x00, 0x00, 0x00, 0x00, 0x00, 0x3c,
    0x00, 0x00, 0x00, 0x3c, 0x00, 0x00, 0x00, 0xf0, 0x00, 0x00, 0x00, 0xf0, 0x00, 0x00, 0x00, 0xf0, 0x00, 0x00, 0x03, 0xc0,
    0x00, 0x00, 0x03, 0xc0, 0x00, 0x00, 0x03, 0xc0, 0x00, 0x00, 0x0f, 0x00, 0x00, 0x00, 0x0f, 0x00, 0x00, 0x00, 0x0f, 0x00,
    0x00, 0x00, 0x3c, 0x00, 0x00, 0x00, 0x3c, 0x00, 0x00, 0x00, 0x3c, 0x00, 0x00, 0x00, 0xf0, 0x00, 0x00, 0x00, 0xf0, 0x00,
    0x00, 0x00, 0xf0, 0x00, 0x00, 0x03, 0xc0, 0x00, 0x00, 0x0f, 0xf0, 0x00, 0x00, 0x0f, 0xf0, 0x00, 0x00, 0xff, 0xfc, 0x00,
    0x00, 0xff, 0xfc, 0x00, 0x0f, 0xff, 0xff, 0x00, 0x0f, 0xff, 0xff, 0x00, 0x00, 0xff, 0xff, 0x00, 0x00, 0xff, 0xff, 0x00,
    0x00, 0x0f, 0x0f, 0x00, 0x00, 0x0f, 0x00, 0x00, 0x00, 0x00, 0x00, 0x00, 0x00, 0x00, 0x00, 0x00, 0x00, 0x00, 0x03, 0xc0,
    0x00, 0x00, 0x03, 0xc0, 0x00, 0x00, 0x0f, 0x00, 0x00, 0x00, 0x0f, 0x00, 0x00, 0x00, 0x0f, 0x00, 0x00, 0x00, 0x0f, 0x00,
    0x00, 0x00, 0x0f, 0x00, 0x00, 0x00, 0x3c, 0x00, 0x00, 0x00, 0x3c, 0x00, 0x00, 0x00, 0x3c, 0x00, 0x00, 0x00, 0x3c, 0x00,
    0x00, 0x00, 0x3c, 0x00, 0x00, 0x00, 0xf0, 0x00, 0x00, 0x00, 0xf0, 0x00, 0x00, 0x00, 0xf0, 0x00, 0x00, 0x00, 0xf0, 0x00,
    0x00, 0x00, 0xf0, 0x00, 0x00, 0x03, 0xc0, 0x00, 0x00, 0x03, 0xc0, 0x00, 0x00, 0x03, 0xc0, 0x00, 0x00, 0x0f, 0xf0, 0x00,
    0x00, 0x0f, 0xf0, 0x00, 0x00, 0xff, 0xfc, 0x00, 0x00, 0xff, 0xfc, 0x00, 0x03, 0xff, 0xfc, 0x00, 0x03, 0xff, 0xff, 0x00,
    0x0f, 0xff, 0xff, 0x00, 0x0f, 0xff, 0xff, 0x00, 0x00, 0xff, 0xc0, 0x00, 0x00, 0xff, 0x00, 0x00, 0x00, 0x00, 0x00, 0x00,
    0x00, 0x03, 0xc0, 0x00, 0x00, 0x03, 0xc0, 0x00, 0x00, 0x03, 0xc0, 0x00, 0x00, 0x03, 0xc0, 0x00, 0x00, 0x03, 0xc0, 0x00,
    0x00, 0x03, 0xc0, 0x00, 0x00, 0x03, 0xc0, 0x00, 0x00, 0x03, 0xc0, 0x00, 0x00, 0x03, 0xc0, 0x00, 0x00, 0x03, 0xc0, 0x00,
    0x00, 0x03, 0xc0, 0x00, 0x00, 0x03, 0xc0, 0x00, 0x00, 0x03, 0xc0, 0x00, 0x00, 0x03, 0xc0, 0x00, 0x00, 0x03, 0xc0, 0x00,
    0x00, 0x03, 0xc0, 0x00, 0x00, 0x03, 0xc0, 0x00, 0x00, 0x03, 0xc0, 0x00, 0x00, 0x03, 0xc0, 0x00, 0x00, 0x3f, 0xfc, 0x00,
    0x00, 0x3f, 0xfc, 0x00, 0x00, 0xff, 0xff, 0x00, 0x03, 0xff, 0xff, 0xc0, 0x03, 0xff, 0xff, 0xc0, 0x03, 0xff, 0xff, 0xc0,
    0x03, 0xff, 0xff, 0xc0, 0x03, 0xff, 0xff, 0xc0, 0x00, 0x3f, 0xfc, 0x00, 0x00, 0x3f, 0xfc, 0x00, 0xf0, 0x00, 0x00, 0x00,
    0xf0, 0x00, 0x00, 0x00, 0x3c, 0x00, 0x00, 0x00, 0x3c, 0x00, 0x00, 0x00, 0x3c, 0x00, 0x00, 0x00, 0x3c, 0x00, 0x00, 0x00,
    0x3c, 0x00, 0x00, 0x00, 0x0f, 0x00, 0x00, 0x00, 0x0f, 0x00, 0x00, 0x00, 0x0f, 0x00, 0x00, 0x00, 0x0f, 0x00, 0x00, 0x00,
    0x0f, 0x00, 0x00, 0x00, 0x03, 0xc0, 0x00, 0x00, 0x03, 0xc0, 0x00, 0x00, 0x03, 0xc0, 0x00, 0x00, 0x03, 0xc0, 0x00, 0x00,
    0x03, 0xc0, 0x00, 0x00, 0x00, 0xf0, 0x00, 0x00, 0x00, 0xf0, 0x00, 0x00, 0x00, 0xf0, 0x00, 0x00, 0x03, 0xfc, 0x00, 0x00,
    0x03, 0xfc, 0x00, 0x00, 0x0f, 0xff, 0xc0, 0x00, 0x0f, 0xff, 0xc0, 0x00, 0x0f, 0xff, 0xf0, 0x00, 0x3f, 0xff, 0xf0, 0x00,
    0x3f, 0xff, 0xfc, 0x00, 0x3f, 0xff, 0xfc, 0x00, 0x00, 0xff, 0xc0, 0x00, 0x00, 0x3f, 0xc0, 0x00, 0xf0, 0x00, 0x00, 0x00,
    0xf0, 0x00, 0x00, 0x00, 0x3c, 0x00, 0x00, 0x00, 0x3c, 0x00, 0x00, 0x00, 0x3c, 0x00, 0x00, 0x00, 0x0f, 0x00, 0x00, 0x00,
    0x0f, 0x00, 0x00, 0x00, 0x0f, 0x00, 0x00, 0x00, 0x03, 0xc0, 0x00, 0x00, 0x03, 0xc0, 0x00, 0x00, 0x03, 0xc0, 0x00, 0x00,
    0x00, 0xf0, 0x00, 0x00, 0x00, 0xf0, 0x00, 0x00, 0x00, 0xf0, 0x00, 0x00, 0x00, 0x3c, 0x00, 0x00, 0x00, 0x3c, 0x00, 0x00,
    0x00, 0x3c, 0x00, 0x00, 0x00, 0x0f, 0x00, 0x00, 0x00, 0x3f, 0xc0, 0x00, 0x00, 0x3f, 0xc0, 0x00, 0x00, 0xff, 0xfc, 0x00,
    0x00, 0xff, 0xfc, 0x00, 0x03, 0xff, 0xff, 0xc0, 0x03, 0xff, 0xff, 0xc0, 0x03, 0xff, 0xfc, 0x00, 0x03, 0xff, 0xfc, 0x00,
    0x03, 0xc3, 0xc0, 0x00, 0x00, 0x03, 0xc0, 0x00, 0x00, 0x00, 0x00, 0x00, 0x00, 0x00, 0x00, 0x00, 0xf0, 0x00, 0x00, 0x00,
    0xf0, 0x00, 0x00, 0x00, 0x3c, 0x00, 0x00, 0x00, 0x3c, 0x00, 0x00, 0x00, 0x0f, 0x00, 0x00, 0x00, 0x0f, 0x00, 0x00, 0x00,
    0x03, 0xc0, 0x00, 0x00, 0x03, 0xc0, 0x00, 0x00, 0x00, 0xf0, 0x00, 0x00, 0x00, 0xf0, 0x00, 0x00, 0x00, 0x3c, 0x00, 0x00,
    0x00, 0x3c, 0x00, 0x00, 0x00, 0x0f, 0x00, 0x00, 0x00, 0x0f, 0x00, 0x00, 0x00, 0x03, 0xc0, 0x00, 0x00, 0x03, 0xc0, 0x00,
    0x00, 0x00, 0xff, 0x00, 0x00, 0x03, 0xff, 0x00, 0x00, 0x0f, 0xff, 0xf0, 0x00, 0x0f, 0xff, 0xf0, 0x00, 0x0f, 0xff, 0xff,
    0x00, 0x0f, 0xff, 0xff, 0x00, 0x0f, 0xff, 0xf0, 0x00, 0x0f, 0xff, 0xf0, 0x00, 0x00, 0xf0, 0x00, 0x00, 0x00, 0xf0, 0x00,
    0x00, 0x00, 0x00, 0x00, 0x00, 0x00, 0x00, 0x00, 0x00, 0x00, 0x00, 0x00, 0x00, 0x00, 0x00, 0x00, 0x00, 0x00, 0x00, 0x00,
    0x00, 0x00, 0x00, 0x00, 0x00, 0x00, 0x00, 0x00, 0x00, 0x00, 0x00, 0x00, 0x00, 0x00, 0x00, 0x00, 0x00, 0x00, 0x00, 0x00,
    0x00, 0x00, 0x00, 0x00, 0x00, 0x00, 0x00, 0x00, 0x00, 0x00, 0x00, 0x00, 0x00, 0x00, 0x00, 0x00, 0x00, 0x00, 0x00, 0x00,
    0x00, 0x00, 0x00, 0x00, 0x00, 0x00, 0x00, 0x00, 0x00, 0x00, 0x00, 0x00, 0x00, 0x00, 0x00, 0x00, 0x00, 0x00, 0x00, 0x00,
    0x00, 0x00, 0x00, 0x00, 0x00, 0x00, 0x00, 0x00, 0x00, 0x00, 0x00, 0x00, 0x00, 0x00, 0x00, 0x00, 0x00, 0x00, 0x00, 0x00,
    0x00, 0x00, 0x00, 0x00, 0x00, 0x00, 0x00, 0x00, 0x00, 0x00, 0x00, 0x00, 0x00, 0x00, 0x00, 0x00, 0x00, 0x00, 0x00, 0x00,
    0x00, 0x00, 0x00, 0x00, 0x00, 0x00, 0x00, 0x00, 0x00, 0x00, 0x00, 0x00, 0x00, 0x00, 0x00, 0x00, 0xa0, 0x2e, 0x18, 0x2f,
    0x90, 0x2f, 0x08, 0x30, 0x80, 0x30, 0xf8, 0x30, 0x70, 0x31, 0xf8, 0x30, 0x80, 0x30, 0x08, 0x30, 0x90, 0x2f, 0x18, 0x2f,
    0x00, 0x00, 0x00, 0x00, 0x00, 0x00, 0x00, 0x00, 0x00, 0x00, 0x00, 0x00, 0x00, 0x00, 0x00, 0x00, 0x00, 0x00, 0x00, 0x00,
    0x00, 0x00, 0x00, 0x00, 0x00, 0x00, 0x00, 0x00, 0x00, 0x00, 0x00, 0x00, 0x00, 0x00, 0x00, 0x00, 0x00, 0x00, 0x00, 0x00,
    0x00, 0x00, 0x00, 0x00, 0x00, 0x00, 0x00, 0x00, 0x00, 0x00, 0x00, 0x00, 0x00, 0x00, 0x00, 0x00, 0x00, 0x00, 0x00, 0x00,
    0x00, 0x00, 0x00, 0x00, 0xaa, 0xaa, 0xaa, 0xaa, 0xaa, 0xaa, 0xaa, 0xaa, 0xaa, 0xaa, 0xaa, 0xaa, 0xaa, 0xaa, 0x8a, 0xaa,
    0xaa, 0x8a, 0xaa, 0xaa, 0xaa, 0xa8, 0xa8, 0xaa, 0x8a, 0xaa, 0xaa, 0x8a, 0xaa, 0xaa, 0xaa, 0xa8, 0xa0, 0x8a, 0x8a, 0xaa,
    0xaa, 0x0a, 0x8a, 0xaa, 0xaa, 0xa0, 0xa0, 0x8a, 0x0a, 0xaa, 0xaa, 0x0a, 0x0a, 0xaa, 0x00, 0x00, 0x00, 0x00, 0x00, 0x00,
    0x00, 0x00, 0x01, 0x00, 0x01, 0x00, 0x01, 0x00, 0x02, 0x00, 0x01, 0x00, 0x01, 0x00, 0x01, 0x00, 0x95, 0xa5, 0x66, 0xa9,
    0x6a, 0xa6, 0x6a, 0xaa, 0x66, 0xa5, 0x95, 0xa5, 0x96, 0x95, 0x9a, 0xa5, 0xaa, 0x99, 0xaa, 0xa9, 0x9a, 0xa9, 0x96, 0xa5,
    0x5a, 0x56, 0x6a, 0x99, 0x9a, 0xa9, 0xaa, 0xa9, 0x5a, 0x99, 0x5a, 0x56, 0x56, 0x96, 0x5a, 0xa6, 0x66, 0xaa, 0x6a, 0xaa,
    0x6a, 0xa6, 0x5a, 0x96, 0x5f, 0xf5, 0xf5, 0x5f, 0xf5, 0x5f, 0x5f, 0xf5, 0x50, 0x55, 0x55, 0x00, 0x05, 0x00, 0x00, 0x55,
    0xf5, 0x5f, 0x5f, 0xf5, 0x5f, 0xf5, 0xf5, 0x5f, 0x00, 0x55, 0x55, 0x05, 0x55, 0x00, 0x00, 0x50, 0x55, 0x5f, 0xf5, 0x55,
    0xff, 0xd5, 0x55, 0x55, 0x55, 0x55, 0x57, 0xf0, 0x3f, 0x5f, 0xc0, 0xfd, 0x55, 0x5f, 0xd5, 0x55, 0x7f, 0x00, 0x0f, 0xff,
    0x00, 0x3f, 0xd5, 0xf0, 0x3d, 0x55, 0xf0, 0x03, 0x0f, 0xfc, 0x3f, 0x0f, 0xff, 0xc0, 0x0f, 0xd5, 0x00, 0x3f, 0x0f, 0xfc,
    0x3f, 0x0f, 0xff, 0x03, 0xc3, 0xd5, 0x03, 0xfc, 0x3f, 0xfc, 0x3f, 0x0f, 0xff, 0x0f, 0xf3, 0xf5, 0xff, 0xfc, 0x3f, 0xf0,
    0x00, 0x03, 0xfc, 0x0f, 0xf3, 0xfd, 0x5f, 0xf0, 0xff, 0xf0, 0x00, 0x03, 0xfc, 0x03, 0xc3, 0xc3, 0x55, 0xf0, 0xff, 0xf0,
    0xff, 0xc3, 0xf0, 0xc0, 0x0f, 0x03, 0x55, 0xc3, 0xff, 0xc3, 0xff, 0xf0, 0xf0, 0xfc, 0x3c, 0x0f, 0x57, 0xc3, 0xff, 0xff,
    0xff, 0xf0, 0xc3, 0xff, 0xf0, 0x3d, 0x57, 0x0f, 0xfc, 0x0f, 0xff, 0xff, 0xc3, 0xff, 0xc0, 0xfd, 0x5f, 0x0f, 0xc0, 0x0f,
    0xd5, 0xff, 0x0f, 0xff, 0x03, 0xd5, 0x5c, 0x3c, 0x00, 0xff, 0x55, 0x5f, 0x0f, 0xff, 0xcf, 0xd5, 0x5c, 0x00, 0x0f, 0xfd,
    0x55, 0x57, 0xff, 0xf0, 0xff, 0x55, 0x5f, 0x00, 0xff, 0xd5, 0x55, 0x55, 0x57, 0xf0, 0xf5, 0x55, 0x57, 0xff, 0xff, 0x55,
    0x55, 0x55, 0x55, 0x5f, 0xd5, 0x55, 0x55, 0x5f, 0xd5, 0x55, 0x55, 0x55, 0x55, 0x55, 0x55, 0x55, 0x55, 0x55, 0x55, 0x55,
    0x55, 0x55, 0x55, 0x55, 0x55, 0x55, 0x55, 0x55, 0x00, 0x00, 0x00, 0x00, 0x00, 0x00, 0x00, 0x00, 0x00, 0x00, 0x00, 0x00,
    0x00, 0x00, 0x00, 0x00, 0x00, 0x00, 0x00, 0x00, 0x00, 0x00, 0x00, 0x00, 0x00, 0x00, 0x00, 0x00, 0x00, 0x00, 0x00, 0x00,
    0x00, 0x00, 0x00, 0x00, 0x00, 0x00, 0x00, 0x00, 0x00, 0x00, 0x00, 0x00, 0x00, 0x00, 0x00, 0x00, 0x00, 0x00, 0x00, 0x00,
    0x00, 0x00, 0x00, 0x00, 0x00, 0x00, 0x00, 0x00, 0x00, 0x00, 0x00, 0x00, 0x00, 0x00, 0x00, 0x00, 0x00, 0x00, 0x00, 0x00,
    0x00, 0x00, 0x00, 0x00, 0x00, 0x00, 0x00, 0x00, 0x00, 0x00, 0x00, 0x00, 0x00, 0x00, 0x00, 0x00, 0x00, 0x00, 0x00, 0x00,
    0x00, 0x00, 0x00, 0x00, 0x00, 0x00, 0x00, 0x00, 0x00, 0x00, 0x00, 0x00, 0x00, 0x00, 0x00, 0x00, 0x00, 0x00, 0x00, 0x00,
    0x00, 0x00, 0x00, 0x00, 0x00, 0x00, 0x00, 0x00, 0x00, 0x00, 0x00, 0x00, 0x00, 0x00, 0x00, 0x00, 0x00, 0x00, 0x00, 0x00,
    0x00, 0x00, 0x00, 0x00, 0x00, 0x00, 0x00, 0x00, 0x00, 0x00, 0x00, 0x00, 0x00, 0x00, 0x00, 0x00, 0x00, 0x00, 0x00, 0x00,
    0x00, 0x00, 0x00, 0x00, 0x00, 0x00, 0x00, 0x00, 0x00, 0x00, 0x00, 0x00, 0x00, 0x00, 0x00, 0x00, 0x00, 0x00, 0x00, 0x00,
    0x00, 0x00, 0x00, 0x00, 0x00, 0x00, 0x00, 0x00, 0x00, 0x00, 0x00, 0x00, 0x00, 0x00, 0x00, 0x00, 0x00, 0x00, 0x00, 0x00,
    0x00, 0x00, 0x00, 0x00, 0x00, 0x00, 0x00, 0x00, 0x00, 0x00, 0x00, 0x00, 0x00, 0x00, 0x00, 0x00, 0x00, 0x00, 0x00, 0x00,
    0x00, 0x00, 0x00, 0x00, 0x00, 0x00, 0x00, 0x00, 0x00, 0x00, 0x00, 0x00, 0x00, 0x08, 0x08, 0x28, 0x28, 0x48, 0x48, 0x68,
    0x68, 0x88, 0x88, 0xa8, 0xa8, 0x18, 0x18, 0x38, 0x38, 0x58, 0x58, 0x78, 0x78, 0x98, 0x98, 0xa8, 0xa8, 0x00, 0x00, 0x00,
    0x00, 0x00, 0x00, 0x00, 0x00, 0x00, 0x00, 0x08, 0x00, 0x10, 0x00, 0x06, 0x00, 0x02, 0x00, 0x00, 0x0a, 0x08, 0x06, 0x04,
    0x03, 0x02, 0x02, 0x01, 0x00, 0x00, 0x00, 0x00, 0x00, 0x00, 0x00, 0x00, 0x00, 0x00, 0x00, 0x00, 0xaf, 0xff, 0xff, 0xfa,
    0xaa, 0xd5, 0x57, 0xaa, 0xaf, 0x55, 0x55, 0xfa, 0xb5, 0x55, 0x50, 0x5e, 0xd7, 0x55, 0x55, 0x57, 0xd7, 0x55, 0x55, 0x57,
    0xd5, 0xf5, 0x41, 0x07, 0x7d, 0x5f, 0x55, 0x7d, 0x57, 0xd5, 0x57, 0xd5, 0x55, 0x7f, 0xfd, 0x55, 0xaf, 0xff, 0xff, 0xfa,
    0xaa, 0xd5, 0x57, 0xaa, 0xaf, 0x55, 0x55, 0xfa, 0xb5, 0x55, 0x50, 0x5e, 0xd7, 0x55, 0x55, 0x57, 0xd7, 0x55, 0x05, 0x57,
    0xd5, 0xf5, 0x54, 0x17, 0x7d, 0x5f, 0x55, 0x7d, 0x57, 0xd5, 0x57, 0xd5, 0x55, 0x7f, 0xfd, 0x55, 0xaf, 0xff, 0xff, 0xfa,
    0xaa, 0xd5, 0x57, 0xaa, 0xaf, 0x55, 0x55, 0xfa, 0xb5, 0x55, 0x54, 0x1e, 0xd7, 0x55, 0x55, 0x57, 0xd7, 0x55, 0x05, 0x57,
    0xd5, 0xf5, 0x50, 0x57, 0x7d, 0x5f, 0x55, 0x7d, 0x57, 0xd5, 0x57, 0xd5, 0x55, 0x7f, 0xfd, 0x55, 0xaf, 0xff, 0xff, 0xfa,
    0xaa, 0xd5, 0x57, 0xaa, 0xaf, 0x55, 0x55, 0xfa, 0xb5, 0x55, 0x55, 0x5e, 0xd7, 0x55, 0x05, 0x07, 0xd7, 0x55, 0x55, 0x57,
    0xd5, 0xf5, 0x41, 0x57, 0x7d, 0x5f, 0x55, 0x7d, 0x57, 0xd5, 0x57, 0xd5, 0x55, 0x7f, 0xfd, 0x55, 0x30, 0x35, 0x58, 0x35,
    0x80, 0x35, 0xa8, 0x35, 0x00, 0x00, 0x00, 0x00, 0x00, 0x00, 0x00, 0x00, 0x0f, 0x00, 0x00, 0x00, 0xf0, 0x0f, 0xf0, 0xff,
    0x0f, 0xf0, 0x0f, 0xff, 0xff, 0xff, 0xf0, 0x0f, 0xff, 0xff, 0xff, 0xf0, 0x3f, 0x00, 0x3f, 0x00, 0x3c, 0xff, 0xca, 0xff,
    0xca, 0xff, 0xff, 0xff, 0xff, 0xff, 0xff, 0xff, 0xff, 0xf0, 0xff, 0xff, 0x3f, 0xf0, 0xff, 0xf0, 0xfc, 0x0f, 0xff, 0x00,
    0x0f, 0xf0, 0x00, 0xff, 0xff, 0xff, 0x00, 0x00, 0x00, 0xff, 0x00, 0x00, 0x05, 0x0c, 0x0e, 0x00, 0x06, 0x00, 0x0e, 0x00,
    0x10, 0x00, 0x0e, 0x00, 0x3b, 0x00, 0x0e, 0x00, 0x45, 0x00, 0xff, 0xff, 0x00, 0x00, 0x00, 0x00, 0x00, 0x00, 0x01, 0x00,
    0x00, 0x00, 0x00, 0x00, 0x00, 0x02, 0x00, 0x00, 0x00, 0x00, 0x00, 0x00, 0x04, 0x00, 0x00, 0x00, 0x00, 0x00, 0x00, 0x08,
    0x00, 0x00, 0x00, 0x00, 0x00, 0x01, 0x06, 0x00, 0x00, 0x00, 0x00, 0x00, 0x03, 0x02, 0x00, 0x00, 0x00, 0x00, 0x00, 0x06,
    0x04, 0x00, 0x00, 0x00, 0x00, 0x01, 0x02, 0x08, 0x00, 0x00, 0x00, 0x00, 0x02, 0x05, 0x06, 0x00, 0x00, 0x00, 0x00, 0x05,
    0x01, 0x02, 0x00, 0x00, 0x00, 0x01, 0x00, 0x02, 0x04, 0x00, 0x00, 0x00, 0x02, 0x00, 0x04, 0x08, 0x00, 0x00, 0x00, 0x04,
    0x00, 0x09, 0x06, 0x00, 0x00, 0x00, 0x00, 0x00, 0x00, 0x00, 0x00, 0x00, 0x00, 0x00, 0x00, 0x00, 0x00, 0x00, 0x00, 0x00,
    0x00, 0x00, 0x00, 0x00, 0x00, 0x00, 0x00, 0x00, 0x00, 0x03, 0x00, 0x00, 0x00, 0x00, 0x00, 0x00, 0x02, 0x00, 0x00, 0x00,
    0x00, 0x00, 0x00, 0x01, 0x05, 0x00, 0x00, 0x00, 0x00, 0x00, 0x03, 0x05, 0x00, 0x00, 0x00, 0x00, 0x00, 0x02, 0x05, 0x00,
    0x00, 0x00, 0x00, 0x00, 0x04, 0x00, 0x00, 0x00, 0xa2, 0x36, 0xa2, 0x36, 0xa2, 0x36, 0xa9, 0x36, 0xb0, 0x36, 0xb7, 0x36,
    0xbe, 0x36, 0xc5, 0x36, 0x01, 0x00, 0x03, 0x00, 0x05, 0x00, 0x07, 0x00, 0x09, 0x00, 0x0b, 0x00, 0x0d, 0x00, 0x0f, 0x00,
    0x30, 0x31, 0x30, 0x33, 0x30, 0x35, 0x30, 0x37, 0x30, 0x39, 0x31, 0x31, 0x31, 0x33, 0x31, 0x35, 0x30, 0x32, 0x30, 0x36,
    0x31, 0x30, 0x31, 0x34, 0x31, 0x38, 0x32, 0x32, 0x32, 0x36, 0x33, 0x30, 0x00, 0x00, 0x42, 0x4f, 0x4e, 0x55, 0x53, 0x20,
    0x4d, 0x55, 0x4c, 0x54, 0x49, 0x50, 0x4c, 0x49, 0x45, 0x52, 0x3a, 0x20, 0x31, 0x32, 0x00, 0x00, 0x00, 0x00, 0x00, 0x00,
    0x00, 0x00, 0x00, 0x00, 0x00, 0x00, 0x00, 0x00, 0x55, 0x55, 0x55, 0x5a, 0x55, 0xaa, 0x5a, 0xaa, 0x5a, 0xaa, 0x5a, 0xaa,
    0x55, 0x5a, 0x55, 0x55, 0x55, 0x55, 0xaa, 0xaa, 0xaa, 0xaa, 0xaa, 0xaa, 0xaa, 0xaa, 0xaa, 0xaa, 0xaa, 0xaa, 0x55, 0x55,
    0x55, 0x55, 0xa5, 0x55, 0xaa, 0x55, 0xaa, 0xa5, 0xaa, 0xa5, 0xaa, 0xa5, 0xa5, 0x55, 0x55, 0x55, 0x55, 0x55, 0xaf, 0xff,
    0xac, 0x03, 0xaf, 0xff, 0xaf, 0xc3, 0xaf, 0xff, 0xaf, 0xff, 0x55, 0x55, 0x55, 0x55, 0xaa, 0x55, 0x02, 0xff, 0xfe, 0x55,
    0x02, 0x55, 0x02, 0x55, 0x02, 0x55, 0x55, 0x55, 0x55, 0x55, 0xaa, 0x84, 0xaa, 0x12, 0xa8, 0x4a, 0xa1, 0x2a, 0x84, 0xaa,
    0x12, 0xaa, 0x55, 0x55, 0x55, 0x55, 0x00, 0x2f, 0x2a, 0x20, 0x00, 0x2f, 0x00, 0x2f, 0x00, 0x2f, 0x00, 0x2f, 0x55, 0x55,
    0x00, 0x00, 0x00, 0xc0, 0x00, 0xe0, 0x00, 0x00, 0x01, 0xf0, 0x03, 0xf8, 0x03, 0x00, 0x04, 0x00, 0x00, 0x00, 0x00, 0x00,
    0x00, 0x00, 0x00, 0x00, 0x00, 0x00, 0x00, 0x00, 0x00, 0x00, 0x00, 0x00, 0x00, 0x00, 0x00, 0x00, 0x00, 0x00, 0x08, 0x00,
    0x00, 0x00, 0x28, 0x00, 0x02, 0xa2, 0xaa, 0x00, 0x00, 0x00, 0x2a, 0x02, 0xaa, 0xa0, 0xaa, 0x00, 0xa0, 0xea, 0xfe, 0x80,
    0x00, 0x00, 0xae, 0xaa, 0xfe, 0xab, 0xfe, 0x80, 0x0b, 0xff, 0xff, 0xa2, 0xa0, 0xaa, 0xbf, 0xbf, 0xff, 0xaf, 0xee, 0x80,
    0x0b, 0xaa, 0xff, 0xea, 0xea, 0xbf, 0xff, 0xff, 0xaf, 0xff, 0xae, 0x00, 0x2b, 0xaf, 0xbf, 0xff, 0xff, 0xff, 0xea, 0xfe,
    0xbf, 0xff, 0xae, 0xa0, 0x2f, 0xaf, 0xbf, 0xff, 0xff, 0xfe, 0xab, 0xfa, 0xff, 0xff, 0xaf, 0xa0, 0x2f, 0xaf, 0xbe, 0xbf,
    0xaf, 0xea, 0xbf, 0xeb, 0xfb, 0xff, 0xaf, 0xa0, 0xaf, 0xaa, 0xfe, 0xbf, 0xae, 0xae, 0xbf, 0xeb, 0xeb, 0xff, 0xbe, 0xa0,
    0xbf, 0xaf, 0xbf, 0xae, 0xbf, 0xfe, 0xbf, 0xfa, 0xaf, 0xff, 0xfe, 0x80, 0xaf, 0xaf, 0xaf, 0xae, 0xbf, 0xfe, 0xbf, 0xfa,
    0xbf, 0xfe, 0xbe, 0x80, 0x2b, 0xaf, 0xaf, 0xea, 0xff, 0xff, 0xaf, 0xfe, 0xbe, 0xfe, 0xba, 0x80, 0x0b, 0xaa, 0xbf, 0xfa,
    0xff, 0xff, 0xaf, 0xfe, 0xba, 0xff, 0xfa, 0x00, 0x2b, 0xff, 0xff, 0xeb, 0xff, 0xff, 0xaf, 0xff, 0xab, 0xff, 0xea, 0x00,
    0x2a, 0xea, 0xff, 0xeb, 0xff, 0xff, 0xaf, 0xff, 0xaf, 0xfa, 0xaa, 0x00, 0x0a, 0xaa, 0xff, 0xaf, 0xfa, 0xbf, 0xfe, 0xaf,
    0xfe, 0xaa, 0xa8, 0x00, 0x00, 0xa2, 0xbe, 0xbf, 0xea, 0xab, 0xfa, 0xab, 0xfa, 0xa8, 0x00, 0x00, 0x00, 0x02, 0xaf, 0xfe,
    0xa8, 0xaa, 0xaa, 0x2b, 0xfa, 0x00, 0x00, 0x00, 0x00, 0x00, 0xaa, 0xfa, 0xa0, 0x0a, 0xa8, 0x2a, 0xea, 0x00, 0x00, 0x00,
    0x00, 0x00, 0x2a, 0xaa, 0x80, 0x00, 0x00, 0x0a, 0xa8, 0x00, 0x00, 0x00, 0x00, 0x00, 0x02, 0xa8, 0x00, 0x00, 0x00, 0x02,
    0xa0, 0x00, 0x00, 0x00, 0x00, 0x00, 0x00, 0x00, 0x00, 0x00, 0x00, 0x3f, 0x00, 0x00, 0xfc, 0x00, 0x00, 0xd1, 0xc3, 0xc3,
    0x47, 0x00, 0x00, 0x00, 0x7d, 0x7d, 0x00, 0x00, 0x00, 0x00, 0x0d, 0x70, 0x00, 0x00, 0x00, 0x00, 0x35, 0x5c, 0x00, 0x00,
    0x00, 0x3f, 0xf5, 0x5f, 0xfc, 0x00, 0x00, 0xd4, 0x3d, 0x7c, 0x17, 0x00, 0x03, 0x40, 0xe9, 0x6b, 0x01, 0xc0, 0x00, 0x03,
    0x4d, 0x71, 0xc0, 0x00, 0x00, 0x0d, 0x0d, 0x70, 0x70, 0x00, 0x00, 0x0d, 0x03, 0xc0, 0x70, 0x00, 0x00, 0x03, 0x40, 0x01,
    0xc0, 0x00, 0x00, 0x00, 0xd0, 0x07, 0x00, 0x00, 0x00, 0x0f, 0x00, 0x00, 0xf0, 0x00, 0x00, 0x35, 0xc0, 0x03, 0x5c, 0x00,
    0x00, 0x30, 0x70, 0x0d, 0x0c, 0x00, 0x00, 0x00, 0x73, 0xcd, 0x00, 0x00, 0x00, 0x00, 0x1d, 0x74, 0x00, 0x00, 0x00, 0xfc,
    0x0d, 0x70, 0x3f, 0x00, 0x03, 0x47, 0x35, 0x5c, 0xd1, 0xc0, 0x00, 0x01, 0xf5, 0x5f, 0x40, 0x00, 0x00, 0x00, 0x3d, 0x7c,
    0x00, 0x00, 0x00, 0x0f, 0xe9, 0x6b, 0xf0, 0x00, 0x00, 0x34, 0x0d, 0x70, 0x1c, 0x00, 0x00, 0xd0, 0x0d, 0x70, 0x07, 0x00,
    0x00, 0xd0, 0x03, 0xc0, 0x07, 0x00, 0x00, 0x00, 0x00, 0x00, 0x00, 0x00, 0x00, 0x00, 0x00, 0x00, 0x00, 0x00, 0x00, 0x00,
    0x00, 0x00, 0x00, 0x00, 0x00, 0x00, 0x00, 0x00, 0x00, 0x00, 0x00, 0x00, 0x00, 0x00, 0x00, 0x00, 0x00, 0x00, 0x00, 0x00,
    0x00, 0x00, 0x00, 0x00, 0x00, 0x00, 0x00, 0x00, 0x00, 0x00, 0x00, 0x00, 0x00, 0x00, 0x00, 0x00, 0x00, 0x00, 0x00, 0x00,
    0x00, 0x00, 0x00, 0x00, 0x00, 0x00, 0x00, 0x00, 0x00, 0x00, 0x00, 0x00, 0x00, 0x00, 0x00, 0x00, 0x00, 0x00, 0x00, 0x00,
    0x00, 0x00, 0x00, 0x00, 0x00, 0x00, 0x00, 0x00, 0x00, 0x00, 0x00, 0x00, 0x00, 0x00, 0x00, 0x00, 0x00, 0x00, 0x00, 0x00,
    0x00, 0x00, 0x00, 0x00, 0x00, 0x00, 0x00, 0x00, 0x00, 0x00, 0x00, 0x00, 0x00, 0x00, 0x00, 0x00, 0x02, 0x00, 0x04, 0x00,
    0x06, 0x00, 0x08, 0x00, 0x0a, 0x00, 0x0c, 0x00, 0x0e, 0x00, 0x10, 0x00, 0x00, 0x00, 0x00, 0x00, 0x00, 0x00, 0x00, 0x00,
    0x00, 0x00, 0x00, 0x00, 0x00, 0x00, 0x55, 0x5f, 0xf5, 0x55, 0x55, 0xff, 0x01, 0x55, 0x57, 0xfc, 0x00, 0x15, 0x5f, 0xe8,
    0x00, 0x05, 0x5f, 0x0a, 0x80, 0x29, 0x7f, 0x80, 0x00, 0x01, 0x7f, 0xa8, 0x00, 0x02, 0x40, 0x20, 0x00, 0x2a, 0x0f, 0x00,
    0x00, 0x2a, 0x7f, 0x80, 0x00, 0x09, 0x5f, 0xc0, 0x00, 0x09, 0x5f, 0x00, 0xaa, 0x01, 0x54, 0x0e, 0xaa, 0xd0, 0x55, 0xff,
    0xff, 0x55, 0x55, 0x5f, 0xf5, 0x55, 0x55, 0x55, 0x55, 0x55, 0x55, 0x5f, 0xf5, 0x55, 0x55, 0xff, 0x00, 0x55, 0x40, 0x3c,
    0x00, 0x15, 0x0f, 0x00, 0x00, 0x25, 0x5f, 0xc0, 0x00, 0x09, 0x7f, 0x80, 0x00, 0x09, 0x7f, 0x00, 0xaa, 0x02, 0x7c, 0x0a,
    0xaa, 0xa0, 0x7f, 0xaa, 0xaa, 0xaa, 0x7f, 0xaa, 0xaa, 0xa9, 0x5f, 0xea, 0xaa, 0xa9, 0x5f, 0xea, 0xaa, 0xa5, 0x57, 0xfe,
    0xaa, 0xd5, 0x55, 0xff, 0xff, 0x55, 0x55, 0x5f, 0xf5, 0x55, 0x55, 0x55, 0x55, 0x55, 0x55, 0x55, 0x55, 0x55, 0x55, 0x55,
    0x55, 0x55, 0x55, 0x55, 0x55, 0x55, 0x55, 0x55, 0x55, 0x55, 0x55, 0x7f, 0xfd, 0x55, 0x5f, 0xff, 0xc3, 0xc1, 0xff, 0xfa,
    0x00, 0x03, 0xfe, 0xa8, 0x00, 0x00, 0xea, 0xa8, 0x00, 0x03, 0xaa, 0x0a, 0x80, 0x2a, 0xaa, 0x80, 0x00, 0x02, 0xaa, 0xa8,
    0x00, 0x02, 0x50, 0x20, 0x00, 0x20, 0x55, 0x40, 0x00, 0x15, 0x55, 0x55, 0x55, 0x55, 0x55, 0x55, 0x55, 0x55, 0x55, 0x55,
    0x55, 0x55, 0x55, 0x55, 0x55, 0x55, 0x55, 0x55, 0x55, 0x55, 0x55, 0x55, 0x55, 0x55, 0x55, 0x7f, 0xfd, 0x55, 0x5f, 0xff,
    0xff, 0xf5, 0xff, 0xfa, 0xaf, 0xff, 0xfe, 0xaa, 0xaa, 0xbf, 0xea, 0xa8, 0x28, 0x2b, 0xaa, 0xa0, 0x00, 0x2a, 0xaa, 0x80,
    0x00, 0x0a, 0xaa, 0x80, 0x00, 0x2a, 0x50, 0xa8, 0x02, 0xa0, 0x55, 0x40, 0x01, 0x55, 0x55, 0x55, 0x55, 0x55, 0x55, 0x55,
    0x55, 0x55, 0x55, 0x55, 0x55, 0x55, 0x55, 0x55, 0x55, 0x55, 0x55, 0x55, 0x55, 0x55, 0x55, 0x55, 0x55, 0x55, 0x5f, 0xf5,
    0x5f, 0xff, 0x55, 0xf5, 0x55, 0x55, 0x55, 0x55, 0x55, 0x55, 0x55, 0x55, 0x7d, 0x55, 0xf5, 0x5f, 0xf5, 0xff, 0x55, 0x5f,
    0x55, 0x55, 0x55, 0x5f, 0xf5, 0x55, 0x55, 0xff, 0xaa, 0x55, 0x57, 0xfe, 0xaa, 0x95, 0x5f, 0xea, 0xaa, 0xa5, 0x5f, 0xea,
    0xaa, 0xa9, 0x7f, 0xaa, 0xaa, 0xa9, 0x7f, 0xaa, 0xaa, 0xaa, 0x7f, 0xaa, 0xaa, 0xaa, 0x7f, 0xaa, 0xaa, 0xaa, 0x7f, 0xaa,
    0xaa, 0xa9, 0x5f, 0xea, 0xaa, 0xa9, 0x5f, 0xea, 0xaa, 0xa5, 0x57, 0xfe, 0xaa, 0xd5, 0x55, 0xff, 0xff, 0x55, 0x55, 0x5f,
    0xf5, 0x55, 0x55, 0x55, 0x55, 0x55, 0xff, 0x55, 0x55, 0x55, 0x55, 0x55, 0x55, 0x55, 0x55, 0x5f, 0x55, 0x55, 0x55, 0x55,
    0x55, 0x55, 0x55, 0x55, 0xff, 0x55, 0x55, 0x55, 0x55, 0x55, 0x55, 0x55, 0x55, 0xff, 0x55, 0x55, 0x55, 0x55, 0x55, 0x55,
    0x55, 0x55, 0xff, 0x55, 0x55, 0x55, 0x55, 0x55, 0x55, 0x55, 0x55, 0x55, 0x55, 0x55, 0x55, 0x55, 0x55, 0x55, 0x55, 0x57,
    0xf5, 0x55, 0x55, 0x55, 0x55, 0x55, 0x55, 0x55, 0x55, 0x5f, 0x55, 0x55, 0x55, 0x55, 0x55, 0x55, 0x55, 0x55, 0x55, 0x55,
    0x55, 0x55, 0x55, 0x55, 0x55, 0x55, 0x55, 0x7f, 0xfd, 0x55, 0x5f, 0xff, 0xff, 0xf5, 0xff, 0xfa, 0xaf, 0xff, 0xfe, 0xaa,
    0xaa, 0xbf, 0xea, 0xaa, 0xaa, 0xab, 0xaa, 0xaa, 0xaa, 0xaa, 0xaa, 0xaa, 0xaa, 0xaa, 0xaa, 0xaa, 0xaa, 0xaa, 0x5a, 0xaa,
    0xaa, 0xa5, 0x55, 0x6a, 0xa9, 0x55, 0x55, 0x55, 0x55, 0x55, 0x55, 0x55, 0x55, 0x55, 0x5e, 0xaa, 0x57, 0xaa, 0x55, 0xaa,
    0x55, 0x6a, 0x55, 0x7a, 0x55, 0x56, 0x7d, 0x57, 0x57, 0xf5, 0x55, 0x55, 0x55, 0x55, 0x55, 0x7f, 0x57, 0xfe, 0x5f, 0xea,
    0x5f, 0xea, 0x7f, 0xaa, 0x7f, 0xaa, 0x7f, 0xaa, 0x7f, 0xea, 0x7f, 0xea, 0x5f, 0xfa, 0x5f, 0xff, 0x55, 0xff, 0x55, 0x57,
    0x55, 0x55, 0x5a, 0xaa, 0xaa, 0xaa, 0x5f, 0xaa, 0xaa, 0xaa, 0x55, 0x5a, 0xaa, 0xaa, 0x55, 0x5f, 0xaa, 0xaa, 0x55, 0x55,
    0x5a, 0xaa, 0x55, 0x55, 0x55, 0xaa, 0x55, 0x55, 0x55, 0xfa, 0x55, 0x55, 0x55, 0x5f, 0x08, 0x08, 0x52, 0x3b, 0x06, 0x05,
    0x52, 0x3b, 0x4e, 0x06, 0x52, 0x3b, 0x96, 0x07, 0x52, 0x3b, 0xde, 0x08, 0x52, 0x3b, 0x26, 0x0a, 0x52, 0x3b, 0x6e, 0x0b,
    0xff, 0xff, 0x04, 0x08, 0x02, 0x3c, 0x20, 0x05, 0x02, 0x3c, 0x64, 0x06, 0x02, 0x3c, 0xa8, 0x07, 0x02, 0x3c, 0xec, 0x08,
    0x02, 0x3c, 0x30, 0x0a, 0xff, 0xff, 0x04, 0x10, 0x92, 0x3b, 0x16, 0x05, 0x92, 0x3b, 0x1c, 0x05, 0x92, 0x3b, 0x60, 0x06,
    0x12, 0x3b, 0x06, 0x0a, 0x12, 0x3b, 0xd2, 0x08, 0x12, 0x3b, 0x5e, 0x0b, 0x12, 0x3b, 0x0a, 0x0f, 0x12, 0x3b, 0xd4, 0x0d,
    0x12, 0x3b, 0x32, 0x0f, 0x12, 0x3b, 0x98, 0x11, 0x12, 0x3b, 0x26, 0x14, 0x12, 0x3b, 0xe2, 0x12, 0x12, 0x3b, 0x4c, 0x15,
    0x12, 0x3b, 0x9a, 0x16, 0x12, 0x3b, 0xc8, 0x17, 0x12, 0x3b, 0xf0, 0x17, 0xff, 0xff, 0x02, 0x08, 0xd2, 0x3b, 0x74, 0x0b,
    0xf2, 0x3b, 0xb6, 0x0c, 0xe2, 0x3b, 0x36, 0x19, 0xff, 0xff, 0xf0, 0x00, 0x00, 0x00, 0x0c, 0x0e, 0x11, 0x13, 0x15, 0x17,
    0x18, 0x19, 0x19, 0x19, 0x19, 0x19, 0x19, 0x19, 0x19, 0x19, 0x18, 0x00, 0x00, 0x00, 0x00, 0xf6, 0x9b, 0xac, 0x1e, 0xd2,
    0x43, 0x58, 0x70, 0xeb, 0x6f, 0xca, 0x29, 0xd7, 0x51, 0x48, 0x03, 0x79, 0xcd, 0xbf, 0xa0, 0xe1, 0x64, 0x23, 0x85, 0x2d,
    0x0e, 0xf6, 0x5b, 0xca, 0x97, 0x81, 0x34, 0x00, 0x00, 0x00, 0x00, 0x00, 0x00, 0x00, 0x00, 0x00, 0x00, 0x00, 0x00, 0x00,
    0x00, 0x00, 0x00, 0x00, 0x00, 0x00, 0x00, 0x00, 0x00, 0x00, 0x00, 0x00, 0x00, 0x00, 0x00, 0x00, 0x00, 0x00, 0x00, 0x00,
    0x00, 0x00, 0x12, 0x3b, 0xea, 0x39, 0x2a, 0x3a, 0x12, 0x3b, 0x12, 0x3b, 0x2a, 0x3a, 0xea, 0x39, 0x12, 0x3b, 0x00, 0x00,
    0x00, 0x00, 0x00, 0x00, 0x00, 0x00, 0x00, 0x00, 0xff, 0xff, 0xff, 0xff, 0xff, 0x03, 0xc0, 0xff, 0xff, 0x00, 0x00, 0xff,
    0xff, 0xf0, 0x0f, 0xff, 0xfc, 0x3c, 0x3c, 0x3f, 0xff, 0x00, 0x00, 0xff, 0xff, 0xf0, 0x0f, 0xff, 0xff, 0xf0, 0x0f, 0xff,
    0xff, 0xc0, 0x03, 0xff, 0xff, 0x0f, 0xf0, 0xff, 0xff, 0xff, 0xff, 0xff, 0xff, 0xff, 0xff, 0xff, 0xff, 0xff, 0xff, 0xff,
    0xff, 0xff, 0xff, 0xff, 0xff, 0xff, 0xff, 0xff, 0xff, 0x03, 0xc0, 0xff, 0xff, 0x00, 0x00, 0xff, 0xff, 0xf0, 0x0f, 0xff,
    0xff, 0xfc, 0x3f, 0xff, 0xff, 0x00, 0x00, 0xff, 0xfc, 0x30, 0x0c, 0x3f, 0xff, 0xf0, 0x0f, 0xff, 0xff, 0xc0, 0x03, 0xff,
    0xff, 0x0f, 0xf0, 0xff, 0xff, 0xfc, 0x3c, 0x3f, 0xff, 0x00, 0x00, 0xff, 0xfc, 0x30, 0x0f, 0xff, 0xff, 0xf0, 0x0f, 0xff,
    0xff, 0xc0, 0x03, 0xff, 0xff, 0x0f, 0xf0, 0xff, 0xff, 0xff, 0xff, 0xff, 0xff, 0xff, 0xff, 0xff, 0xff, 0xff, 0xff, 0xff,
    0xff, 0xff, 0xff, 0xff, 0xff, 0xff, 0xff, 0xff, 0xff, 0xff, 0xff, 0xff, 0xff, 0xf0, 0x0f, 0xff, 0xff, 0xc0, 0x03, 0xff,
    0xff, 0x0f, 0xf0, 0xff, 0xff, 0xff, 0xff, 0xff, 0xff, 0xff, 0xff, 0xff, 0xff, 0xff, 0xff, 0xff, 0xff, 0xff, 0xff, 0xff,
    0xff, 0xff, 0xff, 0xff, 0xff, 0xff, 0xff, 0xff, 0xff, 0xff, 0xff, 0xff, 0xff, 0xff, 0xff, 0xff, 0xff, 0xff, 0xff, 0xff,
    0x50, 0x3d, 0x20, 0x3d, 0x00, 0x00, 0x00, 0x00, 0x00, 0x00, 0x00, 0x00, 0x00, 0x00, 0x00, 0x00, 0x00, 0x00, 0x00, 0x00,
    0x00, 0x00, 0x00, 0x00, 0x00, 0x00, 0x00, 0x00, 0x00, 0x00, 0x00, 0x00, 0x00, 0x00, 0x00, 0x00, 0x00, 0x00, 0x00, 0x00,
    0x00, 0x00, 0x00, 0x00, 0x00, 0x00, 0x00, 0x00, 0x00, 0x00, 0x00, 0x00, 0x00, 0x00, 0x00, 0x00, 0x00, 0x00, 0x00, 0x00,
    0x00, 0x00, 0x00, 0x00, 0x00, 0x00, 0x00, 0x00, 0x00, 0x00, 0x00, 0x00, 0x00, 0x00, 0x00, 0x00, 0x00, 0x00, 0x00, 0x00,
    0x00, 0x00, 0x00, 0x00, 0x00, 0x00, 0x00, 0x00, 0x00, 0x00, 0x00, 0x00, 0x00, 0x00, 0x00, 0x00, 0x00, 0x00, 0x00, 0x00,
    0x00, 0x00, 0x00, 0x00, 0x00, 0x00, 0x00, 0x00, 0x00, 0x00, 0x00, 0x00, 0x00, 0x00, 0x00, 0x00, 0x00, 0x00, 0x00, 0x00,
    0x00, 0x00, 0x00, 0x00, 0x00, 0x00, 0x00, 0x00, 0x00, 0x00, 0x00, 0x00, 0x00, 0x00, 0x00, 0x00, 0x00, 0x00, 0x00, 0x00,
    0x00, 0x00, 0x00, 0x00, 0x00, 0x00, 0x00, 0x00, 0x00, 0x00, 0x00, 0x00, 0x00, 0x00, 0x00, 0x00, 0x00, 0x00, 0x00, 0x00,
    0x00, 0x00, 0x00, 0x00, 0x00, 0x00, 0x00, 0x00, 0x00, 0x00, 0x00, 0x00, 0x00, 0x00, 0x00, 0x00, 0x00, 0x00, 0x00, 0x00,
    0x00, 0x00, 0x00, 0x00, 0x00, 0x00, 0x00, 0x00, 0x00, 0x00, 0x00, 0x00, 0x00, 0x00, 0x00, 0x00, 0x00, 0x00, 0x00, 0x00,
    0x00, 0x00, 0x00, 0x00, 0x00, 0x00, 0x00, 0x00, 0x00, 0x00, 0x00, 0x00, 0x00, 0x00, 0x00, 0x00, 0x00, 0x00, 0x00, 0x00,
    0x00, 0x00, 0x00, 0x00, 0x00, 0x00, 0xe6, 0x3d, 0x16, 0x3e, 0x46, 0x3e, 0x76, 0x3e, 0x00, 0x00, 0x00, 0x00, 0x00, 0x00,
    0x00, 0x00, 0x00, 0x00, 0x00, 0x00, 0x00, 0x00, 0x00, 0x00, 0x00, 0x00, 0x00, 0x00, 0x14, 0x00, 0x50, 0x00, 0x64, 0x00,
    0x78, 0x00, 0x78, 0x00, 0x8c, 0x00, 0x8c, 0x00, 0x8c, 0x00, 0x00, 0x00, 0x3c, 0x00, 0x0f, 0x30, 0x03, 0xf0, 0x0f, 0xc0,
    0x0c, 0x00, 0x0f, 0x30, 0x3c, 0xf0, 0x03, 0xc0, 0x0c, 0x00, 0x00, 0x00, 0x00, 0x0c, 0x00, 0xfc, 0x03, 0xf0, 0x00, 0xc0,
    0x03, 0x00, 0x00, 0x3c, 0x0c, 0xf0, 0x0f, 0xc0, 0x03, 0xf0, 0x00, 0x30, 0x0c, 0xf0, 0x0f, 0x3c, 0x03, 0xc0, 0x00, 0x30,
    0x00, 0x00, 0xc0, 0x00, 0xfc, 0x00, 0x3f, 0x00, 0x0c, 0x00, 0x03, 0x00, 0x00, 0x00, 0x00, 0x00, 0x00, 0x00, 0x00, 0x00,
    0x00, 0x00, 0xff, 0x00, 0x0f, 0x00, 0x0f, 0xff, 0xff, 0xff, 0xfc, 0x3f, 0x00, 0x0f, 0xc0, 0xff, 0xff, 0xff, 0xfc, 0x00,
    0xf0, 0xf0, 0x00, 0x03, 0xff, 0xff, 0xfc, 0x30, 0x00, 0x00, 0xf0, 0xc0, 0x3f, 0xff, 0xff, 0x0f, 0xf0, 0xff, 0xf0, 0xff,
    0x03, 0xff, 0xff, 0x00, 0x00, 0xfc, 0x00, 0x00, 0x00, 0xff, 0xff, 0xf0, 0xf0, 0x00, 0xf0, 0x00, 0xf0, 0x3f, 0xff, 0xf0,
    0xff, 0x0f, 0xff, 0x0f, 0xc0, 0x3f, 0xff, 0xfc, 0x00, 0x03, 0xc0, 0x00, 0x00, 0x3f, 0xff, 0xfc, 0x3c, 0x00, 0x0f, 0x00,
    0x00, 0xff, 0xff, 0xff, 0x0f, 0xf0, 0xff, 0x00, 0x00, 0xff, 0xff, 0xff, 0x03, 0xfc, 0x00, 0x00, 0x00, 0x3f, 0xff, 0xff,
    0xf0, 0x3f, 0x00, 0x00, 0x00, 0x3f, 0xff, 0xff, 0xfc, 0x0f, 0x00, 0x00, 0x00, 0x3f, 0xff, 0xff, 0xff, 0x00, 0x00, 0x00,
    0x00, 0xff, 0xff, 0xff, 0xff, 0xf0, 0x00, 0x00, 0x0f, 0xff, 0xff, 0xff, 0xff, 0xff, 0x00, 0x3f, 0xff, 0xff, 0xff, 0x00,
    0x0f, 0x00, 0x0f, 0xff, 0xf0, 0x3f, 0x00, 0x0f, 0xc0, 0xff, 0xc0, 0x0f, 0x0f, 0x0f, 0x00, 0x3f, 0xc3, 0x00, 0x00, 0x00,
    0x0c, 0x3f, 0x0f, 0xf0, 0xff, 0xf0, 0xff, 0x0f, 0x00, 0x00, 0xff, 0xf0, 0x00, 0x0f, 0x0f, 0x00, 0x00, 0x00, 0x0f, 0x0f,
    0x0f, 0xf0, 0xff, 0xf0, 0xff, 0x0f, 0x00, 0x00, 0xff, 0xf0, 0x00, 0x0f, 0x0f, 0x00, 0x00, 0x00, 0x0f, 0x0f, 0x0f, 0xf0,
    0xff, 0xf0, 0xff, 0x0f, 0x0f, 0x00, 0x00, 0x00, 0x0f, 0x0f, 0xc0, 0x00, 0x00, 0x00, 0x00, 0x3f, 0xc0, 0x00, 0x00, 0x00,
    0x00, 0x3f, 0xf0, 0x00, 0x00, 0x00, 0x00, 0xff, 0xff, 0x00, 0x00, 0x00, 0x0f, 0xff, 0x00, 0x00, 0x00, 0x00, 0x00, 0x00,
    0x00, 0x00, 0x00, 0x00, 0x00, 0x00, 0x00, 0x00, 0x00, 0x00, 0x00, 0x00, 0x00, 0x00, 0x00, 0x00, 0x00, 0x00, 0x00, 0x00,
    0x00, 0x00, 0x00, 0x00, 0x00, 0x00, 0x00, 0x00, 0x00, 0x00, 0x00, 0x00, 0x00, 0x00, 0x00, 0x00, 0x00, 0x00, 0x00, 0x00,
    0x00, 0x00, 0x00, 0x00, 0x00, 0x00, 0x00, 0x00, 0x00, 0x00, 0x00, 0x00, 0x00, 0x00, 0x00, 0x00, 0x00, 0x00, 0x00, 0x00,
    0x00, 0x00, 0x00, 0x00, 0x00, 0x00, 0x00, 0x00, 0x00, 0x00, 0x00, 0x00, 0x00, 0x00, 0x00, 0x00, 0x00, 0x00, 0x00, 0x00,
    0x00, 0x00, 0x00, 0x00, 0x00, 0x00, 0x00, 0x00, 0x00, 0x00, 0x00, 0x00, 0x00, 0x00, 0x00, 0x00, 0x00, 0x00, 0x00, 0x00,
    0x00, 0x00, 0x00, 0x00, 0x00, 0x00, 0x00, 0x00, 0x00, 0x00, 0x00, 0x00, 0x00, 0x00, 0x00, 0x00, 0x00, 0x00, 0x00, 0x00,
    0x00, 0x00, 0x00, 0x00, 0x00, 0x00, 0x00, 0x00, 0x00, 0x00, 0x00, 0x00, 0x00, 0x00, 0x00, 0x00, 0x00, 0x00, 0x00, 0x00,
    0x00, 0x00, 0x00, 0x00, 0x00, 0x00, 0x00, 0x00, 0x00, 0x00, 0x00, 0x00, 0x00, 0x00, 0x00, 0x00, 0xf0, 0x3e, 0xfa, 0x3e,
    0x04, 0x3f, 0xfa, 0x3e, 0x00, 0x00, 0x00, 0x00, 0x00, 0x00, 0x2e, 0x00, 0x5c, 0x00, 0x8c, 0x00, 0x8c, 0x00, 0xa0, 0x00,
    0xaa, 0x00, 0xb4, 0x00, 0xb4, 0x00, 0x18, 0x00, 0xdc, 0x00, 0x60, 0x00, 0x40, 0x00, 0x10, 0x01, 0x40, 0x00, 0x04, 0x01,
    0x0c, 0x01, 0xf8, 0x00, 0xf8, 0x00, 0xe0, 0x00, 0x6a, 0x7a, 0x52, 0x7a, 0x50, 0x9a, 0x9e, 0x7a, 0x62, 0x50, 0x50, 0x00,
    0xff, 0xff, 0xc0, 0xff, 0xc0, 0xc0, 0xff, 0xff, 0x03, 0xff, 0x03, 0x03, 0x0f, 0xff, 0xff, 0xff, 0xff, 0xff, 0xc3, 0xff,
    0xff, 0xff, 0xff, 0xff, 0xf0, 0xff, 0xff, 0xff, 0xff, 0xff, 0xc0, 0xf0, 0x0f, 0xff, 0xf0, 0xff, 0xc0, 0x00, 0x00, 0x0f,
    0x00, 0x3f, 0xf0, 0x00, 0x00, 0x00, 0x00, 0x0f, 0xc3, 0x00, 0x00, 0x00, 0x00, 0x0f, 0xc3, 0xf0, 0xf0, 0x00, 0x0f, 0x0f,
    0xc3, 0xf0, 0xff, 0x0f, 0x00, 0xff, 0xf0, 0xfc, 0x3f, 0xc3, 0xff, 0xff, 0xf0, 0xff, 0xff, 0xff, 0xff, 0xff, 0xc3, 0xff,
    0xff, 0xff, 0xff, 0xff, 0x0f, 0xff, 0xc0, 0x3f, 0xf0, 0xff, 0x00, 0xf0, 0x00, 0x0f, 0x00, 0x3f, 0xc0, 0x00, 0x00, 0x00,
    0x00, 0x0f, 0xf0, 0x00, 0x00, 0x00, 0x00, 0x0f, 0xc3, 0x00, 0x0f, 0x00, 0x0f, 0x0f, 0xc3, 0xf0, 0xff, 0x0f, 0x00, 0xff,
    0xc3, 0xf0, 0xff, 0x0f, 0xff, 0xff, 0xf0, 0xfc, 0x3f, 0xc3, 0xff, 0xff, 0xff, 0xff, 0xff, 0xff, 0xff, 0xc3, 0xff, 0xff,
    0xff, 0xff, 0xff, 0x0f, 0xff, 0xff, 0xff, 0xff, 0xfc, 0x3f, 0xfc, 0x3f, 0xff, 0xc0, 0x3c, 0x0f, 0xf0, 0x03, 0xc0, 0x00,
    0x00, 0x0f, 0xc0, 0x00, 0x00, 0x00, 0x00, 0x3f, 0xc0, 0x00, 0x00, 0x00, 0x03, 0x0f, 0xc3, 0xc0, 0x00, 0x3c, 0x3f, 0x0f,
    0xfc, 0x03, 0xc3, 0xfc, 0x3f, 0x0f, 0xff, 0xff, 0x0f, 0xf0, 0xfc, 0x3f, 0xff, 0xff, 0xff, 0xff, 0xff, 0x0f, 0xff, 0xff,
    0xff, 0xff, 0xff, 0xc3, 0xff, 0x0f, 0xfc, 0x03, 0xff, 0xf0, 0xfc, 0x00, 0xf0, 0x00, 0x0f, 0x00, 0xf0, 0x00, 0x00, 0x00,
    0x00, 0x03, 0xf0, 0x00, 0x00, 0x00, 0x00, 0x0f, 0xf0, 0xf0, 0x00, 0xf0, 0x00, 0xc3, 0xff, 0x00, 0xf0, 0xff, 0x0f, 0xc3,
    0xff, 0xff, 0xf0, 0xff, 0x0f, 0xc3, 0xff, 0xff, 0xc3, 0xfc, 0x3f, 0x0f, 0xaa, 0xaa, 0xaa, 0xaa, 0xaa, 0xaa, 0xaa, 0xaa,
    0xaa, 0xaa, 0xaa, 0xaa, 0xaa, 0xaa, 0xaa, 0xaa, 0xaa, 0xaa, 0xaa, 0xaa, 0xaa, 0xaa, 0xaa, 0xaa, 0xaa, 0xaa, 0xaa, 0xaa,
    0xaa, 0xaa, 0xaa, 0xaa, 0xaa, 0x95, 0x55, 0xaa, 0xa9, 0x6a, 0xaa, 0x5a, 0xa5, 0xaa, 0xaa, 0x96, 0x95, 0x6a, 0xaa, 0x55,
    0x95, 0x55, 0x55, 0x55, 0x95, 0x55, 0x55, 0x55, 0xa5, 0x55, 0x55, 0x56, 0xaa, 0x55, 0x55, 0x6a, 0xaa, 0x95, 0x55, 0xaa,
    0xa9, 0x6a, 0xaa, 0x5a, 0xa5, 0xaa, 0xaa, 0x96, 0x95, 0x6b, 0xfa, 0x55, 0x95, 0x55, 0x55, 0x55, 0x95, 0x55, 0x55, 0x55,
    0xa5, 0x55, 0x55, 0x56, 0xaa, 0x55, 0x55, 0x6a, 0xaa, 0x95, 0x55, 0xaa, 0xa9, 0x6a, 0xaa, 0x5a, 0xa5, 0xaf, 0xfe, 0x96,
    0x95, 0x7f, 0xff, 0x55, 0x95, 0x55, 0x55, 0x55, 0x95, 0x55, 0x55, 0x55, 0xa5, 0x55, 0x55, 0x56, 0xaa, 0x55, 0x55, 0x6a,
    0xaa, 0x95, 0x55, 0xaa, 0xa9, 0x7f, 0xff, 0x5a, 0xa5, 0xff, 0xff, 0xd6, 0x95, 0x7f, 0xff, 0x55, 0x95, 0x55, 0x55, 0x55,
    0x95, 0x55, 0x55, 0x55, 0xa5, 0x55, 0x55, 0x56, 0xaa, 0x55, 0x55, 0x6a, 0xaa, 0xaa, 0xaa, 0xaa, 0xab, 0xfa, 0xaf, 0xaa,
    0xaa, 0xaa, 0xaa, 0xaa, 0xaa, 0xaa, 0xbf, 0xff, 0xaf, 0xfb, 0xfa, 0xfe, 0xaa, 0xaa, 0xaf, 0xfa, 0xff, 0xff, 0xea, 0xff,
    0xff, 0xfa, 0xaa, 0xab, 0xff, 0xff, 0xff, 0xff, 0xc3, 0xff, 0xff, 0xaa, 0xaa, 0xff, 0xff, 0xff, 0xff, 0xff, 0x0f, 0xff,
    0xff, 0xfa, 0xaf, 0xff, 0xff, 0xff, 0xff, 0xff, 0x0f, 0xff, 0xff, 0xfa, 0xbe, 0xaf, 0xff, 0xff, 0xff, 0xff, 0xc0, 0xff,
    0xff, 0xaa, 0xaa, 0xff, 0xfb, 0xff, 0xff, 0xff, 0xfc, 0x0f, 0xfb, 0xfa, 0xaf, 0xff, 0xaa, 0xff, 0xff, 0xfa, 0xff, 0xc0,
    0x2a, 0xff, 0xff, 0xaa, 0xaa, 0xaa, 0xff, 0xaa, 0xbf, 0xff, 0xea, 0xaf, 0xaa, 0xaa, 0xaa, 0xaa, 0xaa, 0xaa, 0xaa, 0xff,
    0xfa, 0xaa, 0xaa, 0xaa, 0xaa, 0xaa, 0xaa, 0xaa, 0xaa, 0xaa, 0xfe, 0xaa, 0xaa, 0xaa, 0xaa, 0xaa, 0xaa, 0xaa, 0xaa, 0xaa,
    0xaa, 0xaa, 0xaf, 0xaa, 0xaa, 0xbe, 0xaa, 0xaa, 0xaa, 0xaa, 0xaa, 0xaa, 0xab, 0xef, 0xfb, 0xfa, 0xff, 0xea, 0xaa, 0xaa,
    0xaa, 0xaa, 0xab, 0xff, 0xff, 0xc3, 0xff, 0xfe, 0xaa, 0xaa, 0xaa, 0xaa, 0xaa, 0xff, 0xff, 0xf0, 0xff, 0xff, 0xaf, 0xfa,
    0xaa, 0xaa, 0xab, 0xff, 0xff, 0xf0, 0xff, 0xff, 0xff, 0xff, 0xaa, 0xaa, 0xab, 0xff, 0xff, 0xc3, 0xff, 0xff, 0xff, 0xff,
    0xfa, 0xbe, 0xab, 0xff, 0xff, 0x0f, 0xff, 0xff, 0xff, 0xff, 0xff, 0xfa, 0xbe, 0xbf, 0xfa, 0x3f, 0xff, 0xff, 0xff, 0xff,
    0xff, 0xaa, 0xfa, 0xaa, 0xaa, 0xff, 0xff, 0xff, 0xff, 0xff, 0xbf, 0xfa, 0xaa, 0xaa, 0xaf, 0xff, 0xaa, 0xff, 0xff, 0xfa,
    0xfa, 0xff, 0xaa, 0xaa, 0xff, 0xaa, 0xaa, 0xaa, 0xff, 0xaa, 0xff, 0xaf, 0xaa, 0xaa, 0xfa, 0xaa, 0xaa, 0xaa, 0xaa, 0xaa,
    0xaf, 0xaa, 0xaa, 0xaa, 0xaa, 0xaa, 0xaa, 0xaa, 0xaa, 0xaa, 0xbe, 0xaa, 0x00, 0x00, 0x00, 0x00, 0x00, 0x00, 0x00, 0x00,
    0x00, 0x00, 0x00, 0x00, 0x00, 0x00, 0x00, 0x00, 0x00, 0x00, 0x00, 0x00, 0x00, 0x00, 0x00, 0x00, 0x00, 0x00, 0x00, 0x00,
    0x00, 0x00, 0x00, 0x00, 0x00, 0x00, 0x00, 0x00, 0x00, 0x00, 0x00, 0x00, 0x00, 0x00, 0x00, 0x00, 0x00, 0x00, 0x00, 0x00,
    0x00, 0x00, 0x00, 0x00, 0x00, 0x00, 0x00, 0x00, 0x00, 0x00, 0x00, 0x00, 0x00, 0x00, 0x00, 0x00, 0x00, 0x2c, 0x00, 0x7c,
    0x00, 0xc4, 0x00, 0x20, 0x00, 0x5c, 0x00, 0x9c, 0x00, 0xcc, 0x00, 0x0c, 0x01, 0x34, 0x00, 0x84, 0x00, 0xbc, 0x00, 0x24,
    0x01, 0x88, 0x00, 0x88, 0x00, 0x88, 0x00, 0x98, 0x00, 0x98, 0x00, 0x98, 0x00, 0x98, 0x00, 0x98, 0x00, 0xa8, 0x00, 0xa8,
    0x00, 0xa8, 0x00, 0xa8, 0x00, 0x46, 0x15, 0x5a, 0x15, 0x6c, 0x15, 0xc0, 0x17, 0xd2, 0x17, 0xe2, 0x17, 0xee, 0x17, 0xfe,
    0x17, 0x48, 0x1a, 0x5c, 0x1a, 0x6a, 0x1a, 0x84, 0x1a, 0x1e, 0x43, 0x9c, 0x42, 0x1e, 0x43, 0x9c, 0x42, 0x1e, 0x43, 0x1e,
    0x43, 0x9c, 0x42, 0x9c, 0x42, 0x1e, 0x43, 0x9c, 0x42, 0x9c, 0x42, 0x1e, 0x43, 0x00, 0x00, 0x00, 0x00, 0x00, 0x00, 0x00,
    0x00, 0x00, 0x00, 0x00, 0x00, 0x00, 0x00, 0x00, 0x00, 0x00, 0x00, 0x00, 0x00, 0x00, 0x00, 0x00, 0x00, 0x00, 0x00, 0x00,
    0x00, 0x00, 0x00, 0x00, 0x00, 0x00, 0x00, 0x00, 0x00, 0x00, 0x00, 0x00, 0x00, 0x00, 0x00, 0x00, 0x00, 0x00, 0x00, 0x00,
    0x00, 0x06, 0x06, 0x07, 0x07, 0x08, 0x08, 0x09, 0x09, 0x01, 0x02, 0x03, 0x04, 0x04, 0x04, 0x04, 0x04, 0x08, 0x00, 0x90,
    0x00, 0xa0, 0x00, 0x28, 0x00, 0x38, 0x00, 0x78, 0x00, 0xe0, 0x00, 0x20, 0x01, 0x10, 0x00, 0x98, 0x00, 0xd0, 0x00, 0x00,
    0x01, 0x90, 0x90, 0x90, 0xa0, 0xa0, 0xa0, 0xa0, 0xa0, 0xb0, 0xb0, 0xb0, 0xb0, 0x84, 0x41, 0x84, 0x41, 0x0c, 0x41, 0x84,
    0x41, 0x0c, 0x41, 0x0c, 0x41, 0x84, 0x41, 0x0c, 0x41, 0x84, 0x41, 0x84, 0x41, 0x84, 0x41, 0x0c, 0x41, 0x00, 0x00, 0x00,
    0x00, 0x00, 0x00, 0x00, 0x00, 0x00, 0x00, 0x00, 0x00, 0x00, 0x00, 0x00, 0x00, 0x00, 0x00, 0x00, 0x00, 0x00, 0x00, 0x00,
    0x00, 0x00, 0x00, 0x00, 0x00, 0x00, 0x00, 0x00, 0x12, 0x00, 0x10, 0x00, 0x0f, 0x00, 0x0e, 0x00, 0x0d, 0x00, 0x0c, 0x00,
    0x0b, 0x00, 0x0a, 0x00, 0x28, 0x00, 0x32, 0x00, 0x3c, 0x00, 0x46, 0x00, 0x55, 0x00, 0x50, 0x00, 0x55, 0x00, 0x5a, 0x00,
    0x00, 0x00, 0x00, 0x00, 0x00, 0x00, 0x03, 0xc0, 0xc0, 0x00, 0x00, 0x00, 0x03, 0xff, 0xc0, 0x00, 0x00, 0x00, 0x0f, 0x3f,
    0x30, 0x00, 0x00, 0x00, 0x3f, 0xff, 0xfc, 0x00, 0x00, 0x00, 0x0f, 0xff, 0xf0, 0x00, 0x00, 0x00, 0x00, 0xff, 0x00, 0x00,
    0x00, 0x0f, 0x03, 0xff, 0x00, 0x00, 0x00, 0x3c, 0x0f, 0xff, 0xc0, 0x00, 0x00, 0x0f, 0xff, 0xff, 0xf0, 0x00, 0x00, 0x00,
    0xff, 0xff, 0xf0, 0x00, 0x00, 0x00, 0x3f, 0xff, 0xc0, 0x00, 0x00, 0x00, 0xfc, 0xf3, 0xf0, 0x00, 0x00, 0x00, 0x00, 0x00,
    0x00, 0x00, 0x00, 0x00, 0x00, 0x00, 0x00, 0x00, 0x00, 0x00, 0x00, 0x00, 0x00, 0x00, 0x00, 0x00, 0x00, 0x00, 0x00, 0x00,
    0x00, 0x00, 0x00, 0x00, 0x00, 0x00, 0x00, 0x00, 0x00, 0x00, 0x00, 0x00, 0x00, 0x00, 0x00, 0x00, 0x00, 0x00, 0x00, 0x00,
    0x00, 0x00, 0x00, 0x00, 0x00, 0x00, 0x00, 0x00, 0x00, 0x00, 0x00, 0x00, 0x00, 0x00, 0x00, 0x00, 0x00, 0x00, 0x00, 0x00,
    0x00, 0x00, 0x00, 0x00, 0x00, 0x00, 0x00, 0x00, 0x00, 0x00, 0x00, 0x00, 0x00, 0x00, 0x00, 0x00, 0x00, 0x00, 0x00, 0x00,
    0x00, 0x00, 0x00, 0x00, 0x00, 0x00, 0x00, 0x00, 0x00, 0x00, 0x00, 0x00, 0x54, 0x45, 0x60, 0x45, 0x6c, 0x45, 0x78, 0x45,
    0x84, 0x45, 0x90, 0x45, 0x9c, 0x45, 0x00, 0x00, 0x00, 0x00, 0x00, 0x00, 0x00, 0x00, 0x00, 0x10, 0x20, 0x30, 0x40, 0x60,
    0x80, 0xc0, 0xc0, 0x1c, 0x02, 0x68, 0x01, 0x0e, 0x01, 0xb4, 0x00, 0xaf, 0x00, 0xaa, 0x00, 0xa0, 0x00, 0x8c, 0x00, 0x00,
    0x00, 0x00, 0x00, 0x00, 0x00, 0x00, 0x00, 0x00, 0x00, 0x00, 0x00, 0x00, 0x00, 0x00, 0x00, 0x03, 0xfc, 0x00, 0x03, 0x00,
    0x3c, 0x3f, 0xff, 0x00, 0x3f, 0xf0, 0xcf, 0x3f, 0xff, 0xf0, 0xff, 0x0f, 0x03, 0xff, 0xc3, 0xff, 0xff, 0xf0, 0x03, 0xfc,
    0x00, 0xff, 0xff, 0xf0, 0x00, 0x3f, 0x00, 0x3f, 0xfc, 0x3c, 0x00, 0xf3, 0xc0, 0xff, 0x0f, 0x00, 0x00, 0xf3, 0xc0, 0xf0,
    0x03, 0xc0, 0x03, 0xc0, 0xf0, 0xf0, 0x00, 0xf0, 0x0f, 0x00, 0xf0, 0xf0, 0x00, 0x00, 0x00, 0x00, 0x3c, 0x3c, 0x00, 0x00,
    0x0f, 0x00, 0x00, 0x00, 0x00, 0x00, 0x3c, 0x00, 0xff, 0x00, 0x00, 0x00, 0xf0, 0x0f, 0xff, 0xf0, 0x03, 0x00, 0xf0, 0xff,
    0xff, 0xf0, 0x3f, 0xf0, 0x3c, 0xff, 0xff, 0xff, 0xff, 0x0f, 0x0f, 0xff, 0x00, 0xff, 0xff, 0xff, 0x0f, 0xf0, 0x00, 0x0f,
    0xff, 0xf0, 0x0f, 0xff, 0x00, 0x0f, 0xfc, 0x00, 0x00, 0xf3, 0xf0, 0x03, 0xcf, 0xf0, 0x00, 0xf0, 0x3f, 0x03, 0xc0, 0x3c,
    0x00, 0xf0, 0x00, 0x00, 0xf0, 0x00, 0x00, 0x3c, 0x00, 0x00, 0x3c, 0x00, 0x00, 0x00, 0x00, 0x00, 0x00, 0x00, 0x00, 0xc0,
    0x00, 0x3f, 0xc0, 0x00, 0x0f, 0xfc, 0x00, 0xff, 0xfc, 0x3c, 0xf0, 0xff, 0x0f, 0xff, 0xfc, 0xf3, 0x0f, 0xff, 0xff, 0xc3,
    0xff, 0xc0, 0x0f, 0xff, 0xff, 0x00, 0x3f, 0xc0, 0x3c, 0x3f, 0xfc, 0x00, 0xfc, 0x00, 0x00, 0xf0, 0xff, 0x03, 0xcf, 0x00,
    0x03, 0xc0, 0x0f, 0x03, 0xcf, 0x00, 0x0f, 0x00, 0x0f, 0x0f, 0x03, 0xc0, 0x00, 0x00, 0x0f, 0x0f, 0x00, 0xf0, 0x00, 0x00,
    0x3c, 0x3c, 0x00, 0x00, 0x00, 0x00, 0x00, 0x00, 0x00, 0xf0, 0x00, 0x00, 0x00, 0xff, 0x00, 0x3c, 0x00, 0xc0, 0x0f, 0xff,
    0xf0, 0x0f, 0x0f, 0xfc, 0x0f, 0xff, 0xff, 0x0f, 0xf0, 0xff, 0xff, 0xff, 0xff, 0x3c, 0xff, 0xff, 0xff, 0x00, 0xff, 0xf0,
    0x0f, 0xff, 0xf0, 0x00, 0x0f, 0xf0, 0x00, 0x3f, 0xf0, 0x00, 0xff, 0xf0, 0x0f, 0xf3, 0xc0, 0x0f, 0xcf, 0x00, 0x3c, 0x03,
    0xc0, 0xfc, 0x0f, 0x00, 0x00, 0x0f, 0x00, 0x00, 0x0f, 0x00, 0x00, 0x3c, 0x00, 0x00, 0x3c, 0x00, 0x00, 0x00, 0x00, 0x00,
    0x00, 0x00, 0x3c, 0x00, 0x00, 0x00, 0x30, 0x00, 0xc3, 0x00, 0x00, 0x00, 0xff, 0x00, 0xf0, 0x00, 0x00, 0x00, 0xfc, 0xc0,
    0x30, 0x03, 0xfc, 0x03, 0xff, 0xf0, 0x3f, 0x0f, 0xff, 0xf3, 0xff, 0xc0, 0x0f, 0xff, 0xff, 0xff, 0xff, 0x00, 0x03, 0xff,
    0xff, 0xff, 0xfc, 0x00, 0x03, 0xcf, 0xf3, 0xff, 0x3f, 0xc0, 0x0f, 0x03, 0xc0, 0x3c, 0x00, 0xf0, 0x0f, 0x03, 0xc0, 0x3c,
    0x00, 0x00, 0x03, 0x00, 0xf0, 0x0f, 0x00, 0x00, 0x00, 0x00, 0x00, 0x00, 0x00, 0x00, 0x0c, 0x00, 0x00, 0x00, 0x00, 0x00,
    0xf0, 0x00, 0x00, 0x00, 0x03, 0x00, 0xc0, 0x00, 0x00, 0x00, 0x0f, 0xf0, 0xf0, 0x00, 0x0f, 0xfc, 0x3f, 0xcc, 0x3f, 0x03,
    0xff, 0xff, 0xff, 0xff, 0x0f, 0xff, 0xff, 0xff, 0xff, 0xfc, 0x00, 0xff, 0xff, 0x3f, 0xff, 0xf0, 0x00, 0x3f, 0xf0, 0x00,
    0xff, 0x00, 0x00, 0xf3, 0xc0, 0x00, 0xf3, 0xc0, 0x00, 0xf3, 0xc0, 0x03, 0xc3, 0xc0, 0x00, 0x3c, 0xf0, 0x00, 0x00, 0xf0,
    0x00, 0x00, 0x00, 0x00, 0x00, 0x00, 0x00, 0x00, 0x00, 0x00, 0x00, 0x00, 0xc0, 0x00, 0x00, 0x00, 0x03, 0x00, 0xfc, 0x00,
    0x00, 0x00, 0x0f, 0xf0, 0x0f, 0x00, 0x03, 0xfc, 0x3f, 0xcc, 0x03, 0xc3, 0xff, 0xff, 0xff, 0xff, 0x00, 0xff, 0xff, 0xff,
    0xff, 0xfc, 0x00, 0xff, 0xff, 0xff, 0xff, 0xf0, 0x00, 0x0f, 0xff, 0xff, 0xfc, 0x00, 0x00, 0x03, 0xfc, 0x03, 0xf0, 0x00,
    0x00, 0x03, 0xc0, 0x03, 0xc0, 0x00, 0x00, 0x00, 0xf0, 0x00, 0xf0, 0x00, 0x00, 0x00, 0x00, 0x00, 0x00, 0x00, 0x00, 0x00,
    0x00, 0x00, 0x00, 0x00, 0x00, 0x00, 0x00, 0x00, 0x03, 0x00, 0x3c, 0x00, 0x00, 0x00, 0x0f, 0xf0, 0xcf, 0x00, 0x3f, 0xf0,
    0x3f, 0xcc, 0x03, 0x0f, 0xff, 0xff, 0xff, 0xff, 0x03, 0xff, 0xff, 0xff, 0xff, 0xfc, 0x00, 0xff, 0xff, 0xff, 0xff, 0xf0,
    0x00, 0x0f, 0xff, 0x0f, 0xfc, 0x00, 0x00, 0x3c, 0xfc, 0x03, 0xfc, 0x00, 0x00, 0x3c, 0xf0, 0x03, 0xcc, 0x00, 0x00, 0x0c,
    0x30, 0x00, 0xcc, 0x00, 0x00, 0x00, 0x00, 0x00, 0x00, 0x00, 0x00, 0x00, 0x00, 0x00, 0x0c, 0x00, 0x3f, 0x00, 0x00, 0x00,
    0x3f, 0xc0, 0xf3, 0xc0, 0x00, 0x00, 0xff, 0x30, 0x00, 0xf0, 0xff, 0xc0, 0xff, 0xfc, 0x00, 0xff, 0xff, 0xff, 0xff, 0xf0,
    0x00, 0x3f, 0xff, 0xff, 0xff, 0xc0, 0x00, 0x3f, 0xff, 0xff, 0xff, 0x00, 0x00, 0x3f, 0xff, 0xcf, 0xfc, 0x00, 0x00, 0xfc,
    0xfc, 0x03, 0xcf, 0x00, 0x00, 0xf0, 0x3c, 0x03, 0xc3, 0x00, 0x00, 0x30, 0x0c, 0x03, 0x00, 0xc0, 0x00, 0x00, 0x00, 0x00,
    0x00, 0x00, 0xf0, 0x00, 0x00, 0x00, 0xc0, 0x00, 0x0c, 0x00, 0x00, 0x03, 0xfc, 0x00, 0x3c, 0x00, 0x00, 0x0f, 0xf3, 0x00,
    0xf0, 0x3f, 0xfc, 0x0f, 0xff, 0xc0, 0x3f, 0xff, 0xff, 0xff, 0xff, 0x00, 0x0f, 0xff, 0xff, 0xff, 0xfc, 0x00, 0x00, 0xff,
    0xff, 0xff, 0xf0, 0x00, 0x03, 0xcf, 0xf3, 0xff, 0xc0, 0x00, 0x0f, 0xc3, 0xc0, 0xf3, 0xf0, 0x00, 0x0f, 0x03, 0xc0, 0xf0,
    0xf0, 0x00, 0x3c, 0x00, 0xf3, 0xc0, 0x30, 0x00, 0x00, 0x00, 0x00, 0x00, 0x00, 0x00, 0x00, 0x0c, 0x00, 0x00, 0x00, 0x3c,
    0x00, 0xff, 0x00, 0x00, 0x00, 0xc3, 0x03, 0x3f, 0x00, 0x00, 0x00, 0x0f, 0x0f, 0xff, 0xc0, 0x3f, 0xc0, 0x0c, 0x03, 0xff,
    0xcf, 0xff, 0xf0, 0xfc, 0x00, 0xff, 0xff, 0xff, 0xff, 0xf0, 0x00, 0x3f, 0xff, 0xff, 0xff, 0xc0, 0x03, 0xfc, 0xff, 0xcf,
    0xf3, 0xc0, 0x0f, 0x00, 0x3c, 0x03, 0xc0, 0xf0, 0x00, 0x00, 0x3c, 0x03, 0xc0, 0xf0, 0x00, 0x00, 0xf0, 0x0f, 0x00, 0xc0,
    0x00, 0x00, 0x00, 0x00, 0x00, 0x00, 0x00, 0x00, 0x00, 0x00, 0x00, 0x30, 0x00, 0xc0, 0x00, 0x00, 0x00, 0x0f, 0x0f, 0xf0,
    0x00, 0x00, 0x00, 0x03, 0x33, 0xfc, 0x3f, 0xf0, 0x00, 0x0f, 0xff, 0xff, 0xff, 0xff, 0xc0, 0xfc, 0x3f, 0xff, 0xff, 0xff,
    0xff, 0xf0, 0x0f, 0xff, 0xfc, 0xff, 0xff, 0x00, 0x00, 0xff, 0x00, 0x0f, 0xfc, 0x00, 0x03, 0xcf, 0x00, 0x03, 0xcf, 0x00,
    0x03, 0xc3, 0xc0, 0x03, 0xcf, 0x00, 0x0f, 0x00, 0x00, 0x0f, 0x3c, 0x00, 0x00, 0x00, 0x00, 0x00, 0x00, 0x00, 0x00, 0x00,
    0x00, 0x00, 0x00, 0x00, 0x00, 0xc0, 0x00, 0x00, 0x00, 0x03, 0x0f, 0xf0, 0x00, 0x00, 0x00, 0x3f, 0x33, 0xfc, 0x3f, 0xc0,
    0x00, 0xf0, 0xff, 0xff, 0xff, 0xff, 0xc3, 0xc0, 0x3f, 0xff, 0xff, 0xff, 0xff, 0x00, 0x0f, 0xff, 0xff, 0xff, 0xff, 0x00,
    0x00, 0x3f, 0xff, 0xff, 0xf0, 0x00, 0x00, 0x0f, 0xc0, 0x3f, 0xc0, 0x00, 0x00, 0x03, 0xc0, 0x03, 0xc0, 0x00, 0x00, 0x0f,
    0x00, 0x0f, 0x00, 0x00, 0x00, 0x00, 0x00, 0x00, 0x00, 0x00, 0x00, 0x00, 0x00, 0x00, 0x00, 0x00, 0x00, 0xc0, 0x00, 0x00,
    0x00, 0x00, 0x0f, 0xf0, 0x00, 0x00, 0x00, 0x3c, 0x33, 0xfc, 0x0f, 0xfc, 0x00, 0xf3, 0xff, 0xff, 0xff, 0xff, 0xf0, 0xc0,
    0x3f, 0xff, 0xff, 0xff, 0xff, 0xc0, 0x0f, 0xff, 0xff, 0xff, 0xff, 0x00, 0x00, 0x3f, 0xf0, 0xff, 0xf0, 0x00, 0x00, 0x3f,
    0xc0, 0x3f, 0x3c, 0x00, 0x00, 0x33, 0xc0, 0x0f, 0x3c, 0x00, 0x00, 0x33, 0x00, 0x0c, 0x30, 0x00, 0x00, 0x00, 0x00, 0x00,
    0x00, 0x00, 0x00, 0x30, 0x00, 0x00, 0x00, 0x00, 0x03, 0xfc, 0x00, 0x00, 0x00, 0xfc, 0x0c, 0xff, 0x00, 0x00, 0x03, 0xcf,
    0x3f, 0xff, 0x03, 0xff, 0x0f, 0x00, 0x0f, 0xff, 0xff, 0xff, 0xff, 0x00, 0x03, 0xff, 0xff, 0xff, 0xfc, 0x00, 0x00, 0xff,
    0xff, 0xff, 0xfc, 0x00, 0x00, 0x3f, 0xf3, 0xff, 0xfc, 0x00, 0x00, 0xf3, 0xc0, 0x3f, 0x3f, 0x00, 0x00, 0xc3, 0xc0, 0x3c,
    0x0f, 0x00, 0x03, 0x00, 0xc0, 0x30, 0x0c, 0x00, 0x00, 0x00, 0x00, 0x00, 0x00, 0x00, 0x00, 0x03, 0x00, 0x00, 0x00, 0x0f,
    0x00, 0x3f, 0xc0, 0x00, 0x00, 0x30, 0x00, 0xcf, 0xf0, 0x00, 0x00, 0x3c, 0x03, 0xff, 0xf0, 0x3f, 0xfc, 0x0f, 0x00, 0xff,
    0xff, 0xff, 0xff, 0xfc, 0x00, 0x3f, 0xff, 0xff, 0xff, 0xf0, 0x00, 0x0f, 0xff, 0xff, 0xff, 0x00, 0x00, 0x03, 0xff, 0xcf,
    0xf3, 0xc0, 0x00, 0x0f, 0xcf, 0x03, 0xc3, 0xf0, 0x00, 0x0f, 0x0f, 0x03, 0xc0, 0xf0, 0x00, 0x0c, 0x03, 0xcf, 0x00, 0x3c,
    0x00, 0x47, 0x48, 0x47, 0xd8, 0x47, 0x90, 0x47, 0x20, 0x48, 0x68, 0x48, 0x70, 0x46, 0xb8, 0x46, 0xb0, 0x48, 0xf8, 0x48,
    0x88, 0x49, 0x40, 0x49, 0xd0, 0x49, 0x18, 0x4a, 0xe0, 0x45, 0x28, 0x46, 0x00, 0x00, 0xaa, 0xaa, 0x83, 0xc2, 0xeb, 0xea,
    0xaa, 0xaa, 0xaa, 0xa8, 0x00, 0x02, 0xff, 0xfe, 0xaa, 0xaa, 0xaa, 0xa8, 0x00, 0x33, 0xcf, 0xfe, 0xaa, 0xaa, 0xa8, 0xaa,
    0x00, 0x00, 0xff, 0xfa, 0xae, 0xaa, 0xa0, 0xa8, 0x00, 0x0b, 0xff, 0xfe, 0xaf, 0xaa, 0xa2, 0xa0, 0x00, 0xaa, 0xaf, 0xff,
    0xab, 0xaa, 0xa0, 0xa0, 0x00, 0x2a, 0xbf, 0xff, 0xaf, 0xaa, 0xa8, 0x00, 0x00, 0x2a, 0xbf, 0xff, 0xfe, 0xaa, 0xaa, 0x00,
    0x02, 0x0a, 0xfb, 0xff, 0xfa, 0xaa, 0xaa, 0x80, 0x02, 0x8a, 0xeb, 0xff, 0xea, 0xaa, 0xaa, 0x00, 0x00, 0xaa, 0xaf, 0xff,
    0xfa, 0xaa, 0xe8, 0x00, 0x00, 0xaa, 0xaf, 0xff, 0xfe, 0xaf, 0xfc, 0x2a, 0xa0, 0x2a, 0xbf, 0xaa, 0xbe, 0xff, 0x0f, 0xf0,
    0x3f, 0xc0, 0x3f, 0xfc, 0xff, 0xf0, 0x3f, 0xff, 0xff, 0xf0, 0x3f, 0xff, 0xff, 0xf0, 0x0f, 0xff, 0xff, 0xc0, 0x00, 0xff,
    0xfc, 0x00, 0x00, 0x0f, 0xc0, 0x00, 0x00, 0x03, 0x00, 0x00, 0x00, 0x02, 0xaa, 0x80, 0x00, 0x2a, 0xa8, 0x00, 0x00, 0x2a,
    0xaa, 0xa8, 0x02, 0xaa, 0xaa, 0x80, 0x00, 0xab, 0xff, 0xea, 0x0a, 0xbf, 0xfe, 0xa0, 0x00, 0xaf, 0xff, 0xfa, 0x0a, 0xff,
    0xff, 0xa0, 0x00, 0xaf, 0xff, 0xfe, 0xab, 0xff, 0xff, 0xa0, 0x00, 0xaf, 0xff, 0xff, 0xaf, 0xff, 0xff, 0xa0, 0x00, 0x2b,
    0xff, 0xff, 0xff, 0xff, 0xfe, 0x80, 0x00, 0x2b, 0xff, 0xff, 0xff, 0xff, 0xfe, 0x80, 0x00, 0x0a, 0xaf, 0xff, 0xff, 0xff,
    0xaa, 0x00, 0x00, 0x02, 0xaa, 0xff, 0xff, 0xfa, 0xa8, 0x00, 0x00, 0x00, 0x0a, 0xaf, 0xff, 0xaa, 0x00, 0x00, 0x00, 0x00,
    0x00, 0xab, 0xfe, 0xa0, 0x00, 0x00, 0x00, 0x00, 0x00, 0x0a, 0xfa, 0x00, 0x00, 0x00, 0x00, 0x00, 0x00, 0x02, 0xa8, 0x00,
    0x00, 0x00, 0x00, 0x00, 0x00, 0x00, 0xa0, 0x00, 0x00, 0x00, 0x00, 0x00, 0x00, 0x00, 0x20, 0x00, 0x00, 0x00, 0x00, 0x00,
    0xff, 0xff, 0xc0, 0x00, 0x00, 0x00, 0x00, 0x3f, 0xff, 0xf0, 0x00, 0x00, 0x00, 0x3f, 0xff, 0xff, 0xff, 0x00, 0x00, 0x00,
    0x0f, 0xff, 0xff, 0xff, 0xc0, 0x00, 0x03, 0xff, 0xaa, 0xaa, 0xbf, 0xf0, 0x00, 0x00, 0xff, 0xea, 0xaa, 0xaf, 0xfc, 0x00,
    0x03, 0xea, 0xaa, 0xaa, 0xaa, 0xfc, 0x00, 0x03, 0xfa, 0xaa, 0xaa, 0xaa, 0xbc, 0x00, 0x0f, 0xaa, 0xaa, 0xaa, 0xaa, 0xaf,
    0x00, 0x0f, 0xaa, 0xaa, 0xaa, 0xaa, 0xaf, 0x00, 0x0f, 0xaa, 0xaa, 0xaa, 0xaa, 0xaf, 0x00, 0x0f, 0xaa, 0xaa, 0xaa, 0xaa,
    0xaf, 0x00, 0x3e, 0xaa, 0xaa, 0xaa, 0xaa, 0xab, 0xc0, 0x3e, 0xaa, 0xaa, 0xaa, 0xaa, 0xab, 0xc0, 0x3e, 0xaa, 0xaa, 0xaa,
    0xaa, 0xab, 0xc0, 0x3e, 0xaa, 0xaa, 0xaa, 0xaa, 0xab, 0xc0, 0x3e, 0xaa, 0xaa, 0xaa, 0xaa, 0xaa, 0xf0, 0xfa, 0xaa, 0xaa,
    0xaa, 0xaa, 0xab, 0xc0, 0x3e, 0xaa, 0xaa, 0xaa, 0xaa, 0xaa, 0xbc, 0xfa, 0xaa, 0xaa, 0xaa, 0xaa, 0xab, 0xc0, 0x3e, 0xaa,
    0xaa, 0xaa, 0xaa, 0xaa, 0xaf, 0xea, 0xaa, 0xaa, 0xaa, 0xaa, 0xab, 0xc0, 0x3e, 0xaa, 0xaa, 0xaa, 0xaa, 0xaa, 0xab, 0xaa,
    0xaa, 0xaa, 0xaa, 0xaa, 0xaf, 0x00, 0x0f, 0xaa, 0xaa, 0xaa, 0xaa, 0xaa, 0xaa, 0xaa, 0xaa, 0xaa, 0xaa, 0xaa, 0xaf, 0x00,
    0x0f, 0xaa, 0xaa, 0xaa, 0xaa, 0xaa, 0xaa, 0xaa, 0xaa, 0xaa, 0xaa, 0xaa, 0xbc, 0x00, 0x03, 0xfa, 0xaa, 0xaa, 0xaa, 0xaa,
    0xaa, 0xaa, 0xaa, 0xaa, 0xaa, 0xaa, 0xbc, 0x00, 0x00, 0xff, 0xea, 0xaa, 0xaa, 0xaa, 0xaa, 0xaa, 0xaa, 0xaa, 0xaa, 0xab,
    0xf0, 0x00, 0x00, 0x0f, 0xff, 0xaa, 0xaa, 0xaa, 0xaa, 0xaa, 0xaa, 0xaa, 0xaa, 0xbf, 0xc0, 0x00, 0x00, 0x00, 0x3f, 0xfe,
    0xaa, 0xaa, 0xaa, 0xaa, 0xaa, 0xaa, 0xaf, 0xfc, 0x00, 0x00, 0x00, 0x00, 0x00, 0xff, 0xea, 0xaa, 0xaa, 0xaa, 0xaa, 0xab,
    0xff, 0xc0, 0x00, 0x00, 0x00, 0x00, 0x00, 0x03, 0xfe, 0xaa, 0xaa, 0xaa, 0xaa, 0xbf, 0xf0, 0x00, 0x00, 0x00, 0x00, 0x00,
    0x00, 0x00, 0x3f, 0xea, 0xaa, 0xaa, 0xab, 0xfc, 0x00, 0x00, 0x00, 0x00, 0x00, 0x00, 0x00, 0x00, 0x03, 0xfa, 0xaa, 0xaa,
    0xaf, 0xc0, 0x00, 0x00, 0x00, 0x00, 0x00, 0x00, 0x00, 0x00, 0x00, 0x3e, 0xaa, 0xaa, 0xbc, 0x00, 0x00, 0x00, 0x00, 0x00,
    0x00, 0x00, 0x00, 0x00, 0x00, 0x0f, 0xaa, 0xaa, 0xf0, 0x00, 0x00, 0x00, 0x00, 0x00, 0x00, 0x00, 0x00, 0x00, 0x00, 0x03,
    0xea, 0xab, 0xc0, 0x00, 0x00, 0x00, 0x00, 0x00, 0x00, 0x00, 0x00, 0x00, 0x00, 0x00, 0xfa, 0xaf, 0x00, 0x00, 0x00, 0x00,
    0x00, 0x00, 0x00, 0x00, 0x00, 0x00, 0x00, 0x00, 0x3e, 0xbc, 0x00, 0x00, 0x00, 0x00, 0x00, 0x00, 0x00, 0x00, 0x00, 0x00,
    0x00, 0x00, 0x0f, 0xf0, 0x00, 0x00, 0x00, 0x00, 0x00, 0x00, 0x00, 0x00, 0x00, 0x00, 0x00, 0x00, 0x03, 0xf0, 0x00, 0x00,
    0x00, 0x00, 0x00, 0x00, 0x00, 0x00, 0x00, 0x00, 0x00, 0x00, 0x03, 0xc0, 0x00, 0x00, 0x00, 0x00, 0x00, 0x00, 0x00, 0x00,
    0x00, 0x00, 0x00, 0x00, 0x00, 0xc0, 0x00, 0x00, 0x00, 0x00, 0x00, 0x00, 0x00, 0x00, 0x00, 0x00, 0x00, 0x00, 0x00, 0xc0,
    0x00, 0x00, 0x00, 0x00, 0x00, 0x00, 0x00, 0x00, 0x00, 0x00, 0x00, 0x00, 0x00, 0x00, 0x00, 0x00, 0x00, 0x00, 0x00, 0x00,
    0x00, 0x00, 0x00, 0x00, 0x00, 0x00, 0x00, 0x00, 0x00, 0x00, 0x00, 0x00, 0x00, 0x00, 0x00, 0x00, 0x00, 0x00, 0x00, 0x00,
    0x00, 0x00, 0x00, 0x00, 0x00, 0x01, 0x00, 0x01, 0x00, 0x01, 0x00, 0x00, 0x00, 0xff, 0x00, 0xff, 0x00, 0xff, 0x00, 0xff,
    0x00, 0xff, 0x00, 0x00, 0x00, 0x01, 0x00, 0x01, 0x00, 0x01, 0x00, 0x00, 0x00, 0xff, 0x00, 0x00, 0x00, 0x00, 0xea, 0x4a,
    0x0a, 0x4b, 0x8a, 0x4b, 0x98, 0x00, 0x90, 0x00, 0x84, 0x00, 0x60, 0x00, 0x5c, 0x00, 0x54, 0x00, 0x10, 0x00, 0x20, 0x00,
    0x38, 0x00, 0x0a, 0x00, 0x14, 0x00, 0x23, 0x00, 0x2f, 0x01, 0x1f, 0x01, 0x07, 0x01, 0xbf, 0x00, 0xb7, 0x00, 0xa7, 0x00,
    0x02, 0x08, 0x04, 0x10, 0x07, 0x20, 0x01, 0x00, 0x02, 0x00, 0x03, 0x00, 0x00, 0x00, 0x00, 0x00, 0x00, 0x00, 0x00, 0x00,
    0x00, 0x00, 0x00, 0x00, 0x00, 0x00, 0x00, 0x00, 0x00, 0x00, 0x00, 0x00, 0x00, 0x00, 0x00, 0x00, 0x00, 0x00, 0x00, 0x00,
    0x00, 0x00, 0x00, 0x00, 0x00, 0x00, 0xf0, 0x00, 0x00, 0x0f, 0x00, 0x00, 0x00, 0x00, 0xff, 0x0f, 0xf0, 0xff, 0x00, 0x00,
    0x00, 0x00, 0xff, 0xff, 0xff, 0xff, 0x00, 0x00, 0x00, 0x00, 0xff, 0xff, 0xff, 0xff, 0x00, 0x00, 0x00, 0x03, 0xf0, 0x03,
    0xf0, 0x03, 0xc0, 0x00, 0x00, 0x0f, 0xfc, 0xaf, 0xfc, 0xaf, 0xf0, 0x00, 0x00, 0x0f, 0xff, 0xff, 0xff, 0xff, 0xf0, 0x00,
    0x00, 0x0f, 0xff, 0xff, 0x0f, 0xff, 0xf0, 0x00, 0x00, 0x03, 0xff, 0x0f, 0xff, 0x0f, 0xc0, 0x00, 0x00, 0x00, 0xff, 0xf0,
    0x00, 0xff, 0x00, 0x00, 0x00, 0x00, 0x0f, 0xff, 0xff, 0xf0, 0x00, 0x00, 0x00, 0x00, 0x00, 0x0f, 0xf0, 0x00, 0x00, 0x00,
    0x00, 0x00, 0x00, 0xa0, 0x0a, 0x00, 0x00, 0x00, 0x00, 0x00, 0x0a, 0xa5, 0x56, 0xa0, 0x00, 0x00, 0x00, 0x02, 0xaa, 0x55,
    0x55, 0xaa, 0x80, 0x00, 0x0d, 0xaa, 0xaa, 0x5a, 0x69, 0xaa, 0xaa, 0x70, 0x3d, 0xaa, 0xa8, 0x6a, 0xaa, 0x2a, 0xaa, 0x7c,
    0x30, 0x0a, 0x00, 0x6a, 0xaa, 0x00, 0xa0, 0x0c, 0x00, 0x00, 0x00, 0x5a, 0xa9, 0x00, 0x00, 0x00, 0x00, 0x00, 0x01, 0x56,
    0xa5, 0x00, 0x00, 0x00, 0x00, 0x00, 0x01, 0x55, 0x95, 0x40, 0x00, 0x00, 0x00, 0x00, 0x01, 0x55, 0x55, 0x40, 0x00, 0x00,
    0x00, 0x00, 0x0a, 0x95, 0x56, 0xa0, 0x00, 0x00, 0x00, 0x00, 0x0a, 0xaa, 0xaa, 0xa0, 0x00, 0x00, 0x00, 0x00, 0x2a, 0xaa,
    0xaa, 0xa8, 0x00, 0x00, 0x00, 0x00, 0x2a, 0xaa, 0xaa, 0xa8, 0x00, 0x00, 0x00, 0x00, 0x0a, 0xaa, 0xaa, 0xfc, 0x00, 0x00,
    0x00, 0x00, 0x03, 0xea, 0xab, 0xff, 0xc0, 0x00, 0x00, 0x00, 0x03, 0xf0, 0x00, 0x3f, 0xc0, 0x00, 0x00, 0x00, 0x0f, 0xc0,
    0x00, 0x0f, 0xc0, 0x00, 0x00, 0x00, 0x0f, 0xc0, 0x00, 0xff, 0x00, 0x00, 0x00, 0x00, 0x03, 0xf0, 0x03, 0xf0, 0x00, 0x00,
    0x00, 0x00, 0x00, 0xfc, 0x0f, 0x00, 0x00, 0x00, 0x00, 0x00, 0x00, 0xf0, 0x00, 0x00, 0x00, 0x00, 0x00, 0x00, 0xf0, 0x00,
    0x00, 0x0f, 0x00, 0x00, 0x00, 0x00, 0xff, 0x0f, 0xf0, 0xff, 0x00, 0x00, 0x00, 0x00, 0xff, 0xff, 0xff, 0xff, 0x00, 0x00,
    0x00, 0x00, 0xff, 0xff, 0xff, 0xff, 0x00, 0x00, 0x00, 0x03, 0xf0, 0x03, 0xf0, 0x03, 0xc0, 0x00, 0x00, 0x0f, 0xfe, 0x8f,
    0xfe, 0x8f, 0xf0, 0x00, 0x00, 0x0f, 0xff, 0xff, 0x0f, 0xff, 0xf0, 0x00, 0x00, 0x0f, 0xff, 0xff, 0xff, 0xff, 0xf0, 0x00,
    0x00, 0x03, 0xff, 0x0c, 0x0c, 0x3f, 0xc0, 0x00, 0x00, 0x00, 0xff, 0xc0, 0x00, 0xff, 0x00, 0x00, 0x00, 0x00, 0x0f, 0xfc,
    0x0f, 0xf0, 0x00, 0x00, 0x00, 0x00, 0x00, 0x0f, 0xf0, 0x00, 0x00, 0x00, 0x00, 0x02, 0xaa, 0x55, 0x55, 0xaa, 0x80, 0x00,
    0x0d, 0xaa, 0xaa, 0x5a, 0x69, 0xaa, 0xaa, 0x70, 0x3d, 0xaa, 0xa8, 0x6a, 0xaa, 0x2a, 0xaa, 0x7c, 0x30, 0x0a, 0x00, 0x6a,
    0xaa, 0x00, 0xa0, 0x0c, 0x00, 0x00, 0x00, 0x5a, 0xa9, 0x00, 0x00, 0x00, 0x00, 0x00, 0x01, 0x56, 0xa5, 0x00, 0x00, 0x00,
    0x00, 0x00, 0x01, 0x55, 0x95, 0x40, 0x00, 0x00, 0x00, 0x00, 0x01, 0x55, 0x55, 0x40, 0x00, 0x00, 0x00, 0x00, 0x0a, 0x95,
    0x56, 0xa0, 0x00, 0x00, 0x00, 0x00, 0x0a, 0xaa, 0xaa, 0xa0, 0x3c, 0x00, 0x00, 0x00, 0x2a, 0xaa, 0xaa, 0xa8, 0xfc, 0x00,
    0x00, 0x00, 0x2a, 0xaa, 0xaa, 0xbf, 0xf0, 0x00, 0x00, 0x00, 0x0a, 0xaa, 0xab, 0xff, 0xc0, 0x00, 0x00, 0x00, 0x00, 0xea,
    0xaf, 0xfc, 0x00, 0x00, 0x00, 0x00, 0x00, 0xfc, 0x03, 0xf0, 0x00, 0x00, 0x00, 0x00, 0x03, 0xfc, 0x00, 0x00, 0x00, 0x00,
    0x00, 0x00, 0x03, 0xf0, 0x00, 0x00, 0x00, 0x00, 0x00, 0x00, 0x0f, 0xc0, 0x00, 0x00, 0x00, 0x00, 0x00, 0x00, 0x0f, 0xc0,
    0x00, 0x00, 0x00, 0x00, 0x00, 0x00, 0x0f, 0x00, 0x00, 0x00, 0x00, 0x00, 0x00, 0x00, 0x00, 0x00, 0x00, 0x00, 0x00, 0x00,
    0x00, 0x00, 0x00, 0x00, 0x00, 0x00, 0x00, 0x00, 0x00, 0x00, 0x00, 0x00, 0x00, 0x00, 0x00, 0x00, 0x00, 0x00, 0xe0, 0x4d,
    0xf8, 0x4e, 0x00, 0x00, 0x38, 0x0d, 0x00, 0x00, 0x40, 0x0d, 0x00, 0x00, 0x48, 0x0d, 0x00, 0x00, 0x50, 0x0d, 0x00, 0x00,
    0x00, 0x00, 0xc0, 0x05, 0x00, 0x00, 0xc8, 0x05, 0x00, 0x00, 0x38, 0x0d, 0x00, 0x00, 0x40, 0x0d, 0x00, 0x00, 0x48, 0x0d,
    0x00, 0x00, 0x50, 0x0d, 0x00, 0x00, 0xc0, 0x14, 0x00, 0x00, 0xc8, 0x14, 0x00, 0x00, 0x00, 0x00, 0xb0, 0x01, 0x00, 0x00,
    0xb8, 0x01, 0x00, 0x00, 0x40, 0x07, 0x00, 0x00, 0x48, 0x07, 0x00, 0x00, 0x60, 0x07, 0x00, 0x00, 0x68, 0x07, 0x00, 0x00,
    0xd8, 0x0c, 0x00, 0x00, 0xe0, 0x0c, 0x00, 0x00, 0x08, 0x0d, 0x00, 0x00, 0x10, 0x0d, 0x00, 0x00, 0x80, 0x12, 0x00, 0x00,
    0x88, 0x12, 0x00, 0x00, 0xa0, 0x12, 0x00, 0x00, 0xa8, 0x12, 0x00, 0x00, 0x30, 0x18, 0x00, 0x00, 0x38, 0x18, 0x00, 0x00,
    0x00, 0x00, 0xb0, 0x01, 0x00, 0x00, 0xb8, 0x01, 0x00, 0x00, 0x40, 0x07, 0x00, 0x00, 0x48, 0x07, 0x00, 0x00, 0x60, 0x07,
    0x00, 0x00, 0x68, 0x07, 0x00, 0x00, 0xd8, 0x0c, 0x00, 0x00, 0xe0, 0x0c, 0x00, 0x00, 0x08, 0x0d, 0x00, 0x00, 0x10, 0x0d,
    0x00, 0x00, 0x80, 0x12, 0x00, 0x00, 0x88, 0x12, 0x00, 0x00, 0xa0, 0x12, 0x00, 0x00, 0xa8, 0x12, 0x00, 0x00, 0x30, 0x18,
    0x00, 0x00, 0x38, 0x18, 0x00, 0x00, 0x50, 0x07, 0x02, 0x00, 0x58, 0x07, 0x02, 0x00, 0xe8, 0x0c, 0x02, 0x00, 0xf0, 0x0c,
    0x02, 0x00, 0xf8, 0x0c, 0x02, 0x00, 0x00, 0x0d, 0x02, 0x00, 0x90, 0x12, 0x02, 0x00, 0x98, 0x12, 0x02, 0x00, 0x00, 0x00,
    0x90, 0x01, 0x02, 0x00, 0x98, 0x01, 0x02, 0x00, 0xa0, 0x01, 0x02, 0x00, 0xa8, 0x01, 0x02, 0x00, 0xd8, 0x01, 0x02, 0x00,
    0xd0, 0x01, 0x02, 0x00, 0xc8, 0x01, 0x02, 0x00, 0xc0, 0x01, 0x02, 0x00, 0x30, 0x07, 0x02, 0x00, 0x38, 0x07, 0x02, 0x00,
    0x78, 0x07, 0x02, 0x00, 0x70, 0x07, 0x02, 0x00, 0xd0, 0x0c, 0x02, 0x00, 0x18, 0x0d, 0x00, 0x00, 0x70, 0x12, 0x02, 0x00,
    0x78, 0x12, 0x02, 0x00, 0xb8, 0x12, 0x02, 0x00, 0xb0, 0x12, 0x02, 0x00, 0x10, 0x18, 0x02, 0x00, 0x18, 0x18, 0x02, 0x00,
    0x20, 0x18, 0x02, 0x00, 0x28, 0x18, 0x02, 0x00, 0x58, 0x18, 0x02, 0x00, 0x50, 0x18, 0x02, 0x00, 0x48, 0x18, 0x02, 0x00,
    0x40, 0x18, 0x02, 0x00, 0x00, 0x00, 0x90, 0x01, 0x02, 0x00, 0x98, 0x01, 0x02, 0x00, 0xa0, 0x01, 0x02, 0x00, 0xa8, 0x01,
    0x02, 0x00, 0xd8, 0x01, 0x02, 0x00, 0xd0, 0x01, 0x02, 0x00, 0xc8, 0x01, 0x02, 0x00, 0xc0, 0x01, 0x02, 0x00, 0x30, 0x07,
    0x02, 0x00, 0x38, 0x07, 0x02, 0x00, 0x78, 0x07, 0x02, 0x00, 0x70, 0x07, 0x02, 0x00, 0xd0, 0x0c, 0x02, 0x00, 0x18, 0x0d,
    0x00, 0x00, 0x70, 0x12, 0x02, 0x00, 0x78, 0x12, 0x02, 0x00, 0xb8, 0x12, 0x02, 0x00, 0xb0, 0x12, 0x02, 0x00, 0x10, 0x18,
    0x02, 0x00, 0x18, 0x18, 0x02, 0x00, 0x20, 0x18, 0x02, 0x00, 0x28, 0x18, 0x02, 0x00, 0x58, 0x18, 0x02, 0x00, 0x50, 0x18,
    0x02, 0x00, 0x48, 0x18, 0x02, 0x00, 0x40, 0x18, 0x02, 0x00, 0x50, 0x07, 0x02, 0x00, 0x58, 0x07, 0x02, 0x00, 0xe8, 0x0c,
    0x02, 0x00, 0xf0, 0x0c, 0x02, 0x00, 0xf8, 0x0c, 0x02, 0x00, 0x00, 0x0d, 0x02, 0x00, 0x90, 0x12, 0x02, 0x00, 0x98, 0x12,
    0x02, 0x00, 0x00, 0x00, 0x90, 0x01, 0x02, 0x00, 0x98, 0x01, 0x02, 0x00, 0xa0, 0x01, 0x02, 0x00, 0xa8, 0x01, 0x02, 0x00,
    0xd8, 0x01, 0x02, 0x00, 0xd0, 0x01, 0x02, 0x00, 0xc8, 0x01, 0x02, 0x00, 0xc0, 0x01, 0x02, 0x00, 0x30, 0x07, 0x02, 0x00,
    0x38, 0x07, 0x02, 0x00, 0x78, 0x07, 0x02, 0x00, 0x70, 0x07, 0x02, 0x00, 0xd0, 0x0c, 0x02, 0x00, 0x18, 0x0d, 0x00, 0x00,
    0x70, 0x12, 0x02, 0x00, 0x78, 0x12, 0x02, 0x00, 0xb8, 0x12, 0x02, 0x00, 0xb0, 0x12, 0x02, 0x00, 0x10, 0x18, 0x02, 0x00,
    0x18, 0x18, 0x02, 0x00, 0x20, 0x18, 0x02, 0x00, 0x28, 0x18, 0x02, 0x00, 0x58, 0x18, 0x02, 0x00, 0x50, 0x18, 0x02, 0x00,
    0x48, 0x18, 0x02, 0x00, 0x40, 0x18, 0x02, 0x00, 0xb0, 0x01, 0x00, 0x00, 0xb8, 0x01, 0x00, 0x00, 0x40, 0x07, 0x00, 0x00,
    0x48, 0x07, 0x00, 0x00, 0x60, 0x07, 0x00, 0x00, 0x68, 0x07, 0x00, 0x00, 0xd8, 0x0c, 0x00, 0x00, 0xe0, 0x0c, 0x00, 0x00,
    0x08, 0x0d, 0x00, 0x00, 0x10, 0x0d, 0x00, 0x00, 0x80, 0x12, 0x00, 0x00, 0x88, 0x12, 0x00, 0x00, 0xa0, 0x12, 0x00, 0x00,
    0xa8, 0x12, 0x00, 0x00, 0x30, 0x18, 0x00, 0x00, 0x38, 0x18, 0x00, 0x00, 0x50, 0x07, 0x02, 0x00, 0x58, 0x07, 0x02, 0x00,
    0xe8, 0x0c, 0x02, 0x00, 0xf0, 0x0c, 0x02, 0x00, 0xf8, 0x0c, 0x02, 0x00, 0x00, 0x0d, 0x02, 0x00, 0x90, 0x12, 0x02, 0x00,
    0x98, 0x12, 0x02, 0x00, 0x00, 0x00, 0x18, 0x50, 0x18, 0x50, 0x18, 0x50, 0x2a, 0x50, 0x4c, 0x50, 0x8e, 0x50, 0xf0, 0x50,
    0x5a, 0x51, 0xe4, 0x51, 0x00, 0x00, 0x00, 0x00, 0x00, 0x00, 0x00, 0x00, 0x00, 0x00, 0x91, 0x03, 0x91, 0x03, 0xd5, 0x02,
    0xd5, 0x02, 0x62, 0x02, 0x62, 0x02, 0x91, 0x03, 0x2e, 0x03, 0x91, 0x03, 0x2e, 0x03, 0x00, 0x03, 0x00, 0x03, 0x62, 0x02,
    0x62, 0x02, 0x01, 0x02, 0x01, 0x02, 0x00, 0x03, 0xac, 0x02, 0x00, 0x03, 0xac, 0x02, 0x62, 0x02, 0x62, 0x02, 0xe4, 0x01,
    0xe4, 0x01, 0x97, 0x01, 0x97, 0x01, 0xaf, 0x01, 0x97, 0x01, 0xaf, 0x01, 0x97, 0x01, 0xe4, 0x01, 0xe4, 0x01, 0xc9, 0x01,
    0xc9, 0x01, 0x62, 0x02, 0xd5, 0x02, 0x91, 0x03, 0x91, 0x03, 0x91, 0x03, 0x91, 0x03, 0x00, 0x00, 0x00, 0x00, 0x00, 0x00,
    0x00, 0x00, 0x00, 0x00, 0x00, 0x00, 0x80, 0x01, 0x97, 0x01, 0xaf, 0x01, 0xc9, 0x01, 0xe4, 0x01, 0x01, 0x02, 0x1f, 0x02,
    0x3f, 0x02, 0x62, 0x02, 0x86, 0x02, 0xac, 0x02, 0xd5, 0x02, 0x00, 0x03, 0x2e, 0x03, 0x5e, 0x03, 0x91, 0x03, 0xc8, 0x03,
    0x01, 0x04, 0x3e, 0x04, 0x7f, 0x04, 0xc3, 0x04, 0x0c, 0x05, 0x58, 0x05, 0xaa, 0x05, 0x00, 0x06, 0x5b, 0x06, 0xbc, 0x06,
    0x23, 0x07, 0x8f, 0x07, 0x02, 0x08, 0x7c, 0x08, 0xfd, 0x08, 0x86, 0x09, 0x17, 0x0a, 0xb1, 0x0a, 0x54, 0x0b, 0x00, 0x0c,
    0xb7, 0x0c, 0x79, 0x0d, 0x46, 0x0e, 0x1f, 0x0f, 0x05, 0x10, 0xf9, 0x10, 0xfb, 0x11, 0x0d, 0x13, 0x2f, 0x14, 0x62, 0x15,
    0xa8, 0x16, 0x01, 0x18, 0x6e, 0x19, 0xf1, 0x1a, 0x58, 0x00, 0x00, 0x00, 0x00, 0x00, 0x58, 0x00, 0x00, 0x00, 0x00, 0x00,
    0x5a, 0x00, 0x00, 0x00, 0x00, 0x00, 0x5a, 0x00, 0x00, 0x00, 0x00, 0x00, 0x5e, 0x00, 0x00, 0x00, 0x5a, 0x00, 0x5e, 0x00,
    0x00, 0x00, 0x62, 0x00, 0x00, 0x00, 0x00, 0x00, 0x62, 0x00, 0x62, 0x00, 0x5e, 0x00, 0x5a, 0x00, 0x00, 0x00, 0x00, 0x00,
    0x00, 0x00, 0x58, 0x00, 0x00, 0x00, 0x00, 0x00, 0x00, 0x00, 0x00, 0x00, 0x00, 0x00, 0x5a, 0x00, 0x00, 0x00, 0x00, 0x00,
    0x00, 0x00, 0x00, 0x00, 0x00, 0x00, 0x5e, 0x00, 0x00, 0x00, 0x62, 0x00, 0x00, 0x00, 0x00, 0x00, 0x00, 0x00, 0x00, 0x00,
    0x00, 0x00, 0x00, 0x00, 0x40, 0x00, 0x00, 0x00, 0x00, 0x00, 0x40, 0x00, 0x00, 0x00, 0x42, 0x40, 0x42, 0x00, 0x00, 0x00,
    0x00, 0x00, 0x42, 0x00, 0x00, 0x00, 0x46, 0x42, 0x46, 0x00, 0x00, 0x00, 0x42, 0x00, 0x46, 0x00, 0x00, 0x00, 0x4a, 0x00,
    0x00, 0x00, 0x00, 0x00, 0x4a, 0x00, 0x4a, 0x00, 0x46, 0x00, 0x42, 0x00, 0x00, 0x00, 0x00, 0x00, 0x00, 0x00, 0x40, 0x00,
    0x00, 0x00, 0x00, 0x00, 0x00, 0x00, 0x00, 0x00, 0x42, 0x00, 0x42, 0x00, 0x00, 0x00, 0x00, 0x00, 0x00, 0x00, 0x00, 0x00,
    0x4c, 0x4a, 0x46, 0x00, 0x00, 0x00, 0x4a, 0x00, 0x00, 0x00, 0x00, 0x00, 0x00, 0x00, 0x00, 0x00, 0x30, 0x2e, 0x2c, 0x2a,
    0x28, 0x00, 0x00, 0x00, 0x00, 0x00, 0x28, 0x00, 0x00, 0x00, 0x2a, 0x28, 0x2a, 0x00, 0x00, 0x00, 0x2a, 0x28, 0x2a, 0x00,
    0x00, 0x00, 0x2e, 0x2a, 0x2e, 0x00, 0x00, 0x00, 0x2a, 0x00, 0x2e, 0x2a, 0x2e, 0x00, 0x32, 0x00, 0x00, 0x00, 0x00, 0x00,
    0x32, 0x00, 0x32, 0x00, 0x2e, 0x00, 0x2a, 0x00, 0x00, 0x00, 0x00, 0x00, 0x00, 0x00, 0x28, 0x2a, 0x28, 0x2a, 0x28, 0x00,
    0x00, 0x00, 0x00, 0x00, 0x2a, 0x00, 0x2a, 0x00, 0x00, 0x00, 0x00, 0x00, 0x00, 0x00, 0x00, 0x00, 0x34, 0x32, 0x2e, 0x00,
    0x00, 0x00, 0x32, 0x00, 0x00, 0x00, 0x00, 0x00, 0x00, 0x32, 0x34, 0x36, 0x38, 0x3a, 0x3c, 0x3e, 0x40, 0x00, 0x00, 0x00,
    0x00, 0x00, 0x28, 0x00, 0x00, 0x00, 0x42, 0x40, 0x42, 0x00, 0x00, 0x00, 0x00, 0x00, 0x2a, 0x00, 0x00, 0x00, 0x46, 0x42,
    0x46, 0x00, 0x00, 0x00, 0x42, 0x00, 0x00, 0x00, 0x46, 0x42, 0x46, 0x00, 0x4a, 0x00, 0x00, 0x00, 0x00, 0x00, 0x1a, 0x00,
    0x00, 0x00, 0x00, 0x00, 0x00, 0x00, 0x00, 0x00, 0x40, 0x00, 0x40, 0x00, 0x00, 0x00, 0x00, 0x00, 0x00, 0x00, 0x00, 0x00,
    0x2a, 0x00, 0x2a, 0x28, 0x2a, 0x28, 0x2a, 0x28, 0x26, 0x24, 0x22, 0x20, 0x1e, 0x04, 0x16, 0x00, 0x00, 0x00, 0x1a, 0x00,
    0x00, 0x00, 0x00, 0x00, 0x00, 0x00, 0x00, 0x00, 0x00, 0x00, 0x00, 0x00, 0x40, 0x00, 0x32, 0x00, 0x00, 0x00, 0x40, 0x00,
    0x38, 0x00, 0x00, 0x00, 0x42, 0x40, 0x42, 0x00, 0x3c, 0x00, 0x42, 0x00, 0x00, 0x00, 0x00, 0x00, 0x46, 0x40, 0x46, 0x40,
    0x42, 0x00, 0x46, 0x00, 0x00, 0x00, 0x4a, 0x42, 0x4a, 0x42, 0x00, 0x00, 0x4a, 0x00, 0x4a, 0x00, 0x46, 0x00, 0x42, 0x00,
    0x00, 0x00, 0x00, 0x00, 0x00, 0x00, 0x40, 0x00, 0x32, 0x00, 0x40, 0x00, 0x32, 0x00, 0x00, 0x00, 0x00, 0x00, 0x2a, 0x42,
    0x2a, 0x42, 0x2a, 0x42, 0x28, 0x00, 0x00, 0x00, 0x00, 0x00, 0x46, 0x00, 0x00, 0x00, 0x4a, 0x2a, 0x4a, 0x2a, 0x4a, 0x2a,
    0x4a, 0x2a, 0x4a, 0x2a, 0x4a, 0x2a, 0x4a, 0x2a, 0x40, 0x00, 0x1a, 0x00, 0x00, 0x00, 0x40, 0x00, 0x20, 0x00, 0x00, 0x00,
    0x42, 0x40, 0x42, 0x00, 0x00, 0x00, 0x24, 0x00, 0x42, 0x00, 0x00, 0x00, 0x46, 0x28, 0x46, 0x28, 0x42, 0x24, 0x42, 0x24,
    0x46, 0x28, 0x46, 0x28, 0x4a, 0x2a, 0x4a, 0x2a, 0x4a, 0x2a, 0x4a, 0x42, 0x3c, 0x42, 0x4a, 0x42, 0x3c, 0x32, 0x3c, 0x42,
    0x3c, 0x32, 0x40, 0x00, 0x1a, 0x00, 0x00, 0x00, 0x1a, 0x00, 0x1a, 0x12, 0x1a, 0x12, 0x42, 0x00, 0x00, 0x00, 0x00, 0x00,
    0x42, 0x00, 0x00, 0x00, 0x00, 0x00, 0x46, 0x00, 0x00, 0x00, 0x00, 0x00, 0x0e, 0x00, 0x46, 0x00, 0x4a, 0x0c, 0x4a, 0x0c,
    0x4a, 0x0c, 0x4a, 0x0c, 0x48, 0x0a, 0x46, 0x08, 0x44, 0x06, 0x58, 0x20, 0x00, 0x00, 0x1a, 0x00, 0x58, 0x20, 0x00, 0x00,
    0x1a, 0x00, 0x5a, 0x24, 0x00, 0x00, 0x1a, 0x00, 0x5a, 0x24, 0x00, 0x00, 0x1a, 0x00, 0x5e, 0x28, 0x28, 0x00, 0x5a, 0x1a,
    0x5e, 0x28, 0x24, 0x00, 0x62, 0x20, 0x24, 0x00, 0x14, 0x00, 0x12, 0x00, 0x1a, 0x00, 0x14, 0x00, 0x12, 0x00, 0x1a, 0x00,
    0x00, 0x00, 0x02, 0x00, 0x58, 0x08, 0x00, 0x00, 0x1a, 0x00, 0x1a, 0x00, 0x00, 0x00, 0x02, 0x00, 0x5a, 0x0c, 0x00, 0x00,
    0x1a, 0x00, 0x02, 0x00, 0x04, 0x00, 0x08, 0x00, 0x5e, 0x04, 0x08, 0x00, 0x62, 0x12, 0x42, 0x00, 0x44, 0x00, 0x42, 0x00,
    0x44, 0x00, 0x4a, 0x00, 0x58, 0x14, 0x16, 0x00, 0x1a, 0x00, 0x16, 0x00, 0x14, 0x00, 0x16, 0x00, 0x1a, 0x00, 0x1e, 0x00,
    0x24, 0x00, 0x26, 0x00, 0x28, 0x00, 0x2c, 0x00, 0x28, 0x00, 0x5e, 0x24, 0x22, 0x00, 0x5a, 0x20, 0x1a, 0x00, 0x5e, 0x16,
    0x12, 0x00, 0x62, 0x00, 0x4a, 0x00, 0x4a, 0x00, 0x4a, 0x00, 0x4a, 0x00, 0x58, 0x0a, 0x08, 0x00, 0x02, 0x00, 0x58, 0x0a,
    0x08, 0x00, 0x02, 0x00, 0x5a, 0x0c, 0x02, 0x00, 0x06, 0x00, 0x0c, 0x00, 0x0e, 0x00, 0x1a, 0x00, 0x14, 0x00, 0x16, 0x00,
    0x1a, 0x00, 0x5e, 0x1e, 0x26, 0x00, 0x28, 0x00, 0x62, 0x2a, 0x62, 0x4a, 0x5c, 0x44, 0x62, 0x4a, 0x5c, 0x44, 0x5a, 0x42,
    0x58, 0x40, 0x50, 0x38, 0x4a, 0x32, 0x38, 0x20, 0x32, 0x1a, 0x2a, 0x12, 0x5a, 0x42, 0x54, 0x3c, 0x4c, 0x34, 0x3c, 0x24,
    0x34, 0x1c, 0x2e, 0x16, 0x5e, 0x46, 0x56, 0x3e, 0x50, 0x38, 0x62, 0x5a, 0x54, 0x4e, 0x4a, 0x42, 0x3c, 0x36, 0x32, 0x2a,
    0x24, 0x1e, 0x1a, 0x12, 0x0c, 0x06, 0x02, 0x04, 0x02, 0x04, 0x02, 0x04, 0x02, 0x04, 0x02, 0x04, 0x02, 0x04, 0x02, 0x00,
    0x00, 0x00, 0x00, 0x00, 0x00, 0x00, 0x00, 0x00, 0x00, 0x00, 0x00, 0x62, 0x00, 0x66, 0x4e, 0x03, 0x00, 0x00, 0x00, 0x00,
    0xaa, 0xaa, 0xaa, 0xa8, 0x2a, 0xaa, 0xaa, 0xaa, 0xaa, 0xa3, 0xc0, 0x2a, 0xaa, 0xaa, 0xaa, 0xa3, 0xff, 0xca, 0xaa, 0xaa,
    0x82, 0x83, 0xfc, 0x2a, 0xaa, 0xaa, 0x3c, 0x3c, 0x02, 0xaa, 0xaa, 0xa8, 0xf0, 0x3c, 0xaa, 0xaa, 0xaa, 0xaa, 0x3f, 0xc2,
    0x82, 0xaa, 0xaa, 0x82, 0x83, 0xfc, 0x32, 0xaa, 0xaa, 0x3c, 0x3c, 0x0f, 0xca, 0xaa, 0xaa, 0x83, 0xff, 0xc0, 0x2a, 0xaa,
    0xaa, 0x3f, 0xc0, 0x3c, 0xaa, 0xaa, 0xa8, 0x03, 0xfc, 0x82, 0xaa, 0xaa, 0x83, 0xff, 0x02, 0xaa, 0xaa, 0xaa, 0x3c, 0x3c,
    0xaa, 0xaa, 0xaa, 0xaa, 0x3c, 0xfc, 0xaa, 0xaa, 0xaa, 0xaa, 0x3f, 0xfc, 0xaa, 0xaa, 0xaa, 0xaa, 0x3f, 0xc2, 0xaa, 0xaa,
    0xaa, 0xaa, 0x80, 0x2a, 0xaa, 0xaa, 0xaa, 0xaa, 0xaa, 0xaa, 0xaa, 0xa8, 0x2a, 0xaa, 0x82, 0xaa, 0xaa, 0x83, 0xca, 0xaa,
    0x3c, 0x00, 0x00, 0x3f, 0xca, 0xaa, 0x3f, 0xff, 0xff, 0xfc, 0x2a, 0xaa, 0x83, 0xff, 0xff, 0xff, 0xca, 0xaa, 0x3f, 0xc0,
    0x00, 0x03, 0xca, 0xaa, 0x3c, 0x2a, 0xaa, 0xa8, 0x2a, 0xaa, 0x82, 0xaa, 0xaa, 0xaa, 0xaa, 0xaa, 0xa8, 0xaa, 0xaa, 0xaa,
    0xa1, 0x2a, 0xaa, 0xaa, 0x85, 0x0a, 0xaa, 0xaa, 0x15, 0x50, 0xaa, 0xaa, 0x81, 0x55, 0x0a, 0xaa, 0xa1, 0x5d, 0x52, 0xaa,
    0xa8, 0x7f, 0x54, 0xaa, 0xa8, 0x7f, 0xd5, 0x2a, 0xa8, 0x6f, 0xe9, 0x6a, 0xaa, 0xaf, 0xaa, 0xaa, 0xaa, 0xab, 0xea, 0xaa,
    0xaa, 0xbd, 0x7e, 0xaa, 0xaa, 0xd4, 0x57, 0xaa, 0xab, 0x51, 0x05, 0xea, 0xad, 0x44, 0x5f, 0x7a, 0xab, 0x55, 0xf0, 0xfe,
    0x6a, 0xd7, 0x00, 0x0e, 0xaa, 0xdc, 0x00, 0x03, 0xaa, 0xbc, 0x00, 0x0e, 0xaa, 0xaa, 0xa5, 0x6a, 0xaa, 0xa5, 0xa9, 0x5a,
    0xaa, 0x56, 0x96, 0xaa, 0x96, 0xaa, 0xa5, 0xaa, 0xaa, 0xaa, 0xaa, 0xa6, 0xa9, 0xaa, 0xaa, 0xaa, 0xaa, 0xa8, 0x02, 0xaa,
    0x80, 0x03, 0x54, 0xaa, 0x3f, 0xff, 0xf5, 0x2a, 0x0f, 0xfc, 0xfd, 0x4a, 0x8f, 0xf3, 0xff, 0x52, 0x0f, 0xf3, 0xf3, 0x52,
    0x3f, 0xf3, 0xcf, 0x52, 0x80, 0xfc, 0xcf, 0x52, 0xaa, 0x03, 0xcf, 0x52, 0xaa, 0xa8, 0xf3, 0x52, 0xaa, 0xaa, 0x3d, 0x4a,
    0xaa, 0xaa, 0x80, 0x2a, 0xa0, 0x82, 0xaa, 0xaa, 0x8c, 0x0c, 0xaa, 0xaa, 0x8f, 0xfc, 0xaa, 0xaa, 0x8f, 0xfc, 0xaa, 0xaa,
    0x8f, 0xff, 0x2a, 0xaa, 0x8f, 0xff, 0x2a, 0xaa, 0x8f, 0x03, 0x2a, 0xaa, 0x3c, 0xfc, 0xca, 0xaa, 0x1f, 0xff, 0xf2, 0xaa,
    0x1f, 0xf0, 0x3c, 0xaa, 0x17, 0xcf, 0xcc, 0xaa, 0x85, 0xff, 0xf4, 0xaa, 0xa1, 0x55, 0x54, 0xaa, 0xa8, 0x55, 0x52, 0xaa,
    0xaa, 0x00, 0x0a, 0xaa, 0xe0, 0x56, 0x4c, 0x57, 0x7c, 0x57, 0xa4, 0x57, 0xe0, 0x57, 0x10, 0x58, 0x03, 0x12, 0x03, 0x08,
    0x02, 0x0a, 0x02, 0x0f, 0x02, 0x0c, 0x02, 0x0f, 0x4e, 0x1c, 0xa6, 0x1c, 0xff, 0xff, 0x0c, 0x1c, 0x40, 0x1c, 0x52, 0x1c,
    0xff, 0xff, 0x3a, 0x1c, 0x90, 0x1c, 0x02, 0x1c, 0xba, 0x1c, 0xff, 0xff, 0xd0, 0x1b, 0x80, 0x1c, 0x40, 0x1c, 0x98, 0x1c,
    0x0e, 0x1c, 0xff, 0xff, 0x02, 0x00, 0x02, 0x00, 0x02, 0x00, 0x02, 0x00, 0x00, 0x00, 0x00, 0x00, 0x02, 0x00, 0x06, 0x00,
    0x00, 0x00, 0x00, 0x00, 0x02, 0x00, 0x02, 0x00, 0x04, 0x00, 0x04, 0x00, 0x06, 0x00, 0x06, 0x00, 0x02, 0x00, 0x02, 0x00,
    0x04, 0x00, 0x04, 0x00, 0x08, 0x00, 0x08, 0x00, 0x0a, 0x00, 0x0a, 0x00, 0x00, 0x00, 0x02, 0x00, 0x04, 0x00, 0x06, 0x00,
    0x08, 0x00, 0x0a, 0x00, 0x02, 0x00, 0x04, 0x00, 0x00, 0x00, 0x02, 0x00, 0x04, 0x00, 0x06, 0x00, 0x08, 0x00, 0x0a, 0x00,
    0x02, 0x00, 0x04, 0x00, 0x00, 0x00, 0x02, 0x00, 0x04, 0x00, 0x06, 0x00, 0x08, 0x00, 0x0a, 0x00, 0x02, 0x00, 0x04, 0x00,
    0x00, 0x00, 0x02, 0x00, 0x04, 0x00, 0x06, 0x00, 0x08, 0x00, 0x0a, 0x00, 0x02, 0x00, 0x04, 0x00, 0x00, 0x00, 0x02, 0x00,
    0x04, 0x00, 0x06, 0x00, 0x08, 0x00, 0x0a, 0x00, 0x02, 0x00, 0x04, 0x00, 0x64, 0x58, 0x6a, 0x58, 0x72, 0x58, 0x7c, 0x58,
    0x72, 0x58, 0x7c, 0x58, 0x72, 0x58, 0x7c, 0x58, 0x00, 0x00, 0x00, 0x00, 0x00, 0x00, 0x00, 0x00, 0x00, 0x00, 0x00, 0x00,
    0x00, 0x00, 0x00, 0x00, 0x00, 0x00, 0x00, 0x00, 0x00, 0x00, 0x00, 0x00, 0x00, 0x00, 0x00, 0x00, 0x00, 0x18, 0x62, 0x15,
    0x2e, 0x14, 0xfa, 0x11, 0xf8, 0x10, 0x04, 0x10, 0x00, 0x0c, 0x17, 0x0a, 0x00, 0x0c, 0x17, 0x0a, 0x00, 0x0c, 0x00, 0x0c,
    0x17, 0x0a, 0x00, 0x0c, 0x00, 0x0c, 0x2e, 0x14, 0xfa, 0x11, 0xfa, 0x11, 0xf8, 0x10, 0xf8, 0x10, 0x46, 0x0e, 0x46, 0x0e,
    0x00, 0x0c, 0x86, 0x09, 0x00, 0x0c, 0x86, 0x09, 0x00, 0x0c, 0x00, 0x0c, 0x86, 0x09, 0x00, 0x0c, 0x00, 0x0c, 0x00, 0x18,
    0x62, 0x15, 0x62, 0x15, 0x2e, 0x14, 0x2e, 0x14, 0xfa, 0x11, 0xfa, 0x11, 0xf8, 0x10, 0x00, 0x0c, 0x78, 0x0d, 0x04, 0x10,
    0x2e, 0x14, 0x2e, 0x14, 0x62, 0x15, 0x00, 0x18, 0x00, 0x18, 0x04, 0x10, 0xfa, 0x11, 0x2e, 0x14, 0xfa, 0x11, 0x2e, 0x14,
    0x62, 0x15, 0x2e, 0x14, 0x62, 0x15, 0x00, 0x18, 0x00, 0x0c, 0x00, 0x06, 0x00, 0x18, 0x00, 0x0c, 0x00, 0x06, 0x00, 0x06,
    0x00, 0x06, 0x00, 0x06, 0x00, 0x06, 0x00, 0x06, 0x00, 0x06, 0x00, 0x00, 0x00, 0x00, 0x00, 0x00, 0x00, 0x00, 0xa3, 0xa2,
    0xb5, 0x5a, 0xd3, 0xaa, 0xba, 0xea, 0xee, 0xac, 0xfe, 0xaa, 0xff, 0xaa, 0xa3, 0xa7, 0xa3, 0xa2, 0xb5, 0x5a, 0xa3, 0xa2,
    0xb5, 0x5a, 0xa0, 0xa2, 0xb5, 0x5a, 0xa0, 0xa3, 0xbb, 0x5a, 0xa3, 0xf2, 0xb5, 0x5a, 0xa3, 0xf2, 0xb5, 0x5f, 0xa3, 0x8f,
    0x8f, 0xff, 0xaf, 0xf2, 0xb5, 0x5a, 0x03, 0x00, 0x02, 0x00, 0x01, 0x00, 0x03, 0x00, 0x03, 0x07, 0x0c, 0x18, 0x00, 0x00,
    0x10, 0x00, 0x00, 0x02, 0x00, 0x06, 0x00, 0x06, 0x00, 0x02, 0x01, 0x04, 0x20, 0x10, 0x00, 0x00, 0x00, 0x00, 0x00, 0x00,
    0x00, 0x00, 0x00, 0x00, 0x00, 0x00, 0x80, 0x00, 0xc0, 0x00, 0x90, 0x00, 0xa0, 0x00, 0x98, 0x00, 0x60, 0x00, 0xe0, 0x00,
    0x40, 0x00, 0xe0, 0x00, 0xd0, 0x00, 0xc0, 0x00, 0xb0, 0x00, 0xa0, 0x00, 0x90, 0x00, 0x80, 0x00, 0x70, 0x00, 0x60, 0x00,
    0x00, 0x00, 0x00, 0x00, 0x00, 0x00, 0x00, 0x00, 0x00, 0x02, 0x00, 0x01, 0x00, 0x06, 0x00, 0x0c, 0x00, 0x0a, 0x00, 0x02,
    0x00, 0x08, 0x00, 0x01, 0x00, 0x00, 0x00, 0x00, 0x00, 0x00, 0x22, 0x07, 0x00, 0x06, 0x0c, 0x05, 0x3e, 0x04, 0x00, 0x00,
    0x59, 0x43, 0x74, 0x32, 0xcc, 0x25, 0x51, 0x1c, 0x37, 0x15, 0xe4, 0x0f, 0xe8, 0x0b, 0xeb, 0x08, 0xaf, 0x06, 0x01, 0x05,
    0xc0, 0x03, 0xcf, 0x02, 0x1b, 0x02, 0x94, 0x01, 0x00, 0x00, 0x00, 0x00, 0x00, 0x00, 0x00, 0x00, 0x06, 0x02, 0x08, 0x00,
    0x06, 0x7f, 0x04, 0x02, 0x08, 0x58, 0x05, 0x01, 0x04, 0x23, 0x07, 0x58, 0x05, 0x01, 0x04, 0x23, 0x07, 0xc3, 0x04, 0x91,
    0x03, 0x23, 0x07, 0x01, 0x02, 0xac, 0x02, 0x3f, 0x02, 0x00, 0x03, 0x86, 0x02, 0x5e, 0x03, 0xac, 0x02, 0x91, 0x03, 0x00,
    0x03, 0x2e, 0x03, 0x91, 0x03, 0x01, 0x04, 0x01, 0x04, 0x00, 0x00, 0x00, 0x00, 0x00, 0x00, 0x00, 0x00, 0x00, 0x00, 0x00,
    0x00, 0x00, 0x00, 0x00, 0x00, 0x00, 0x00, 0x00, 0x00, 0x00, 0x02, 0x02, 0x02, 0x00, 0x00, 0x02, 0x02, 0x00, 0x00, 0x00,
    0x02, 0x00, 0x00, 0x00, 0x00, 0x00, 0x00, 0x00, 0x00, 0x00, 0x02, 0x00, 0x00, 0x02, 0x00, 0x00, 0x02, 0x02, 0x00, 0x00,
    0x02, 0x02, 0x02, 0x00, 0x00, 0x00, 0x02, 0x00, 0x02, 0x00, 0x02, 0x00, 0x00, 0x00, 0x00, 0x02, 0x00, 0x00, 0x00, 0x00,
    0x02, 0x02, 0x00, 0x00, 0x00, 0x00, 0x00, 0x00, 0x00, 0x00, 0x00, 0x00, 0x00, 0x00, 0x00, 0x00, 0x00, 0x00, 0x00, 0x00,
    0x00, 0x00, 0x00, 0x00, 0x00, 0x00, 0x00, 0x00, 0x00, 0xf0, 0x00, 0x00, 0x00, 0x00, 0x00, 0x00, 0x03, 0xac, 0x00, 0x0f,
    0xc0, 0x00, 0x00, 0x00, 0x00, 0x2b, 0xc0, 0xfa, 0xf0, 0x00, 0x00, 0x00, 0x00, 0x0b, 0xf3, 0xf8, 0x30, 0x00, 0x00, 0x00,
    0x00, 0x0f, 0xbf, 0xbc, 0x00, 0x00, 0x00, 0x00, 0x00, 0x3a, 0xae, 0xab, 0x00, 0x00, 0x00, 0x00, 0x00, 0x28, 0x2a, 0x0a,
    0x00, 0x00, 0x00, 0x00, 0x00, 0x20, 0x08, 0x02, 0x00, 0x00, 0x00, 0x00, 0x00, 0xb3, 0x3c, 0xcf, 0x80, 0x00, 0x00, 0x00,
    0x00, 0xaf, 0xea, 0xfe, 0x80, 0x00, 0x00, 0x00, 0x02, 0xba, 0xea, 0xeb, 0xa0, 0x00, 0x00, 0x00, 0x02, 0xff, 0x80, 0xbf,
    0xe0, 0x00, 0x00, 0x00, 0x0a, 0xf7, 0x00, 0x37, 0xe8, 0x00, 0x00, 0x00, 0x0b, 0xc7, 0xff, 0xf4, 0xf8, 0x00, 0x00, 0x00,
    0x0b, 0xc5, 0x11, 0x14, 0xf8, 0x00, 0x00, 0x00, 0x0a, 0xf5, 0x00, 0x17, 0xe8, 0x00, 0x00, 0x00, 0x02, 0xeb, 0x44, 0x7a,
    0xe0, 0x00, 0x00, 0x00, 0x03, 0xaf, 0xff, 0xfe, 0xb0, 0x00, 0x00, 0x00, 0x02, 0xff, 0xaa, 0xbf, 0xe0, 0x00, 0x00, 0x00,
    0x00, 0xab, 0xea, 0xfa, 0x80, 0x00, 0x00, 0x00, 0x00, 0x0b, 0xff, 0xf8, 0x00, 0x00, 0x00, 0x00, 0x00, 0x07, 0x33, 0x34,
    0x00, 0x00, 0x00, 0x00, 0x00, 0x05, 0x11, 0x14, 0x00, 0x00, 0x00, 0x00, 0x00, 0x00, 0x44, 0x40, 0x00, 0x00, 0x00, 0x3c,
    0x00, 0x3c, 0xcc, 0xcf, 0x00, 0x00, 0x00, 0x0c, 0x00, 0xff, 0xff, 0xff, 0xc0, 0x00, 0x00, 0x3c, 0x00, 0xff, 0xff, 0xff,
    0xc0, 0x00, 0x00, 0xff, 0x03, 0xff, 0xff, 0xff, 0xf0, 0x00, 0x00, 0x3f, 0x03, 0xfe, 0xff, 0xff, 0xfc, 0x00, 0x0f, 0xfc,
    0x0f, 0xfa, 0xff, 0xeb, 0xff, 0x03, 0xff, 0xf0, 0x0f, 0xeb, 0xff, 0xfa, 0xff, 0xff, 0xff, 0x00, 0x3f, 0xff, 0xff, 0xff,
    0xff, 0xff, 0xf0, 0x00, 0x3f, 0x3f, 0xbf, 0xbf, 0x3f, 0xff, 0xc0, 0x00, 0xfc, 0x3f, 0xea, 0xfe, 0x00, 0xfc, 0x00, 0x00,
    0xfc, 0x2f, 0xff, 0xfe, 0x00, 0x00, 0x00, 0x00, 0xfc, 0x2f, 0xff, 0xff, 0x00, 0x00, 0x00, 0x00, 0xff, 0x3e, 0xff, 0xef,
    0x00, 0x00, 0x00, 0x00, 0x3f, 0x2f, 0xaa, 0xbe, 0x00, 0x00, 0x00, 0x00, 0x03, 0xef, 0xff, 0xfe, 0x00, 0x00, 0x00, 0x00,
    0x03, 0xef, 0xff, 0xfe, 0x00, 0x00, 0x00, 0x00, 0x00, 0xef, 0xff, 0xfe, 0x00, 0x00, 0x00, 0x00, 0x00, 0x2e, 0xbf, 0xae,
    0x00, 0x00, 0x00, 0x00, 0x00, 0xef, 0xaa, 0xbe, 0xc0, 0x00, 0x00, 0x00, 0x03, 0xcb, 0xff, 0xf8, 0xf0, 0x00, 0x00, 0x00,
    0x03, 0xfe, 0xff, 0xef, 0xf0, 0x00, 0x00, 0x00, 0x03, 0xff, 0xaa, 0xbf, 0xfc, 0x00, 0x00, 0x00, 0x03, 0xff, 0xff, 0xfe,
    0xfc, 0x00, 0x00, 0x00, 0x03, 0xfe, 0xff, 0xeb, 0xfc, 0x00, 0x00, 0x00, 0x03, 0xfe, 0xbf, 0xfe, 0xfc, 0x00, 0x00, 0x00,
    0x03, 0xbf, 0xbf, 0xfb, 0xf0, 0x00, 0x00, 0x00, 0x00, 0xbf, 0x00, 0x0f, 0xf0, 0x00, 0x00, 0x00, 0x00, 0xfe, 0x80, 0x0b,
    0xfc, 0x00, 0x00, 0x00, 0x00, 0xff, 0x80, 0x0b, 0xfc, 0x00, 0x00, 0x00, 0x00, 0x0f, 0x80, 0x02, 0xf0, 0x00, 0x00, 0x00,
    0x00, 0x0f, 0xc0, 0x03, 0xf0, 0x00, 0x00, 0x00, 0x00, 0x0f, 0xf0, 0x0f, 0xf0, 0x00, 0x00, 0x00, 0x00, 0x03, 0xf0, 0x3e,
    0xc0, 0x00, 0x00, 0x00, 0x00, 0x03, 0xf3, 0xfb, 0xc0, 0x00, 0x00, 0x00, 0x00, 0x03, 0xfb, 0xfb, 0x00, 0x00, 0x00, 0x00,
    0x03, 0xfb, 0xfa, 0xc0, 0x00, 0x00, 0x00, 0x00, 0x0f, 0xfe, 0xfc, 0x00, 0x00, 0x00, 0x00, 0x00, 0x0c, 0xfe, 0xfc, 0x00,
    0x00, 0x00, 0x00, 0x00, 0x03, 0x30, 0xfc, 0x00, 0x00, 0x00, 0x00, 0x00, 0x00, 0xc0, 0xfc, 0x00, 0x00, 0x00, 0x00, 0x00,
    0x00, 0x00, 0xfc, 0x00, 0x00, 0x00, 0x00, 0x00, 0x00, 0x00, 0xfc, 0x00, 0x00, 0x00, 0x00, 0x00, 0x00, 0x00, 0xfc, 0x00,
    0x00, 0x00, 0x00, 0x00, 0x00, 0x03, 0x33, 0x00, 0x00, 0x00, 0x00, 0x00, 0x00, 0xf0, 0x00, 0x00, 0x00, 0x00, 0x00, 0x00,
    0x03, 0xac, 0x00, 0x0f, 0xc0, 0x00, 0x00, 0x00, 0x00, 0x2b, 0xc0, 0xfa, 0xf0, 0x00, 0x00, 0x00, 0x00, 0x0b, 0xf3, 0xf8,
    0x30, 0x00, 0x00, 0x00, 0x00, 0x0f, 0xbf, 0xbc, 0x00, 0x00, 0x00, 0x00, 0x00, 0x3a, 0xae, 0xab, 0x00, 0x00, 0x00, 0x00,
    0x00, 0x28, 0x2a, 0x0a, 0x00, 0x00, 0x00, 0x00, 0x00, 0x20, 0x08, 0x02, 0x00, 0x00, 0x00, 0x00, 0x00, 0xb3, 0x3c, 0xcf,
    0x80, 0x00, 0x00, 0x00, 0x00, 0xaf, 0xea, 0xfe, 0x80, 0x00, 0x00, 0x00, 0x02, 0xba, 0xea, 0xeb, 0xa0, 0x00, 0x00, 0x00,
    0x02, 0xff, 0x80, 0xbf, 0xe0, 0x00, 0x00, 0x00, 0x0a, 0xf7, 0x00, 0x37, 0xe8, 0x00, 0x00, 0x00, 0x0b, 0xc7, 0xff, 0xf4,
    0xf8, 0x00, 0x00, 0x00, 0x0b, 0xc5, 0x11, 0x14, 0xf8, 0x00, 0x00, 0x00, 0x0a, 0xf5, 0x00, 0x17, 0xe8, 0x00, 0x00, 0x00,
    0x02, 0xeb, 0x44, 0x7a, 0xe0, 0x00, 0x00, 0x00, 0x03, 0xaf, 0xff, 0xfe, 0xb0, 0x00, 0x00, 0x00, 0x02, 0xff, 0xaa, 0xbf,
    0xe0, 0x00, 0x00, 0x00, 0x00, 0xab, 0xea, 0xfa, 0x80, 0x00, 0x00, 0x00, 0x00, 0x0b, 0xff, 0xf8, 0x00, 0x00, 0x00, 0x00,
    0x00, 0x07, 0x33, 0x34, 0x00, 0x00, 0x00, 0x00, 0x00, 0x05, 0x11, 0x14, 0x00, 0x00, 0x03, 0xc0, 0x00, 0x00, 0x44, 0x40,
    0x00, 0x00, 0x00, 0xc0, 0x00, 0x3c, 0xcc, 0xcf, 0x00, 0x00, 0x00, 0xf0, 0x00, 0xff, 0xff, 0xff, 0xc0, 0x00, 0x03, 0xf0,
    0x00, 0xff, 0xff, 0xff, 0xc0, 0x00, 0x0f, 0xfc, 0x03, 0xff, 0xff, 0xff, 0xf0, 0x00, 0x03, 0xfc, 0x03, 0xff, 0xef, 0xff,
    0xfc, 0x00, 0x0f, 0xf0, 0x0f, 0xfb, 0xef, 0xff, 0xff, 0x00, 0xff, 0xf0, 0x0f, 0xef, 0xbf, 0xaf, 0xff, 0xff, 0xff, 0xc0,
    0x0f, 0xef, 0xff, 0xfa, 0xff, 0xff, 0xfc, 0x00, 0x3f, 0xbf, 0xff, 0xff, 0x3f, 0xff, 0xc0, 0x00, 0x3f, 0x3f, 0xbf, 0xbe,
    0x00, 0xfc, 0x00, 0x00, 0x3f, 0x3f, 0xea, 0xfe, 0x00, 0x00, 0x00, 0x00, 0x3f, 0x3f, 0xff, 0xff, 0x00, 0x00, 0x00, 0x00,
    0x3f, 0xef, 0xff, 0xff, 0x00, 0x00, 0x00, 0x00, 0x03, 0xee, 0xff, 0xee, 0x00, 0x00, 0x00, 0x00, 0x03, 0xef, 0xaa, 0xbe,
    0x00, 0x00, 0x00, 0x00, 0x00, 0xff, 0xff, 0xfe, 0x00, 0x00, 0x00, 0x00, 0x00, 0x2e, 0xbf, 0xae, 0x00, 0x00, 0x00, 0x00,
    0x00, 0x2f, 0xea, 0xfe, 0x00, 0x00, 0x00, 0x00, 0x00, 0xff, 0xff, 0xfe, 0xc0, 0x00, 0x00, 0x00, 0x03, 0xef, 0xff, 0xfc,
    0xf0, 0x00, 0x00, 0x00, 0x03, 0xfe, 0xbf, 0xfb, 0xf0, 0x00, 0x00, 0x00, 0x03, 0xaf, 0xef, 0xef, 0xfc, 0x00, 0x00, 0x00,
    0x0f, 0xfb, 0xfa, 0xba, 0xfc, 0x00, 0x00, 0x00, 0x0f, 0xfe, 0xff, 0xfb, 0xfc, 0x00, 0x00, 0x00, 0x0f, 0xff, 0xff, 0xef,
    0xff, 0x00, 0x00, 0x00, 0x03, 0xfc, 0xff, 0xeb, 0xff, 0x00, 0x00, 0x00, 0x03, 0xfc, 0x00, 0x03, 0xfe, 0x00, 0x00, 0x00,
    0x03, 0xff, 0x00, 0x03, 0xf8, 0x00, 0x00, 0x00, 0x00, 0xbf, 0x00, 0x00, 0xf8, 0x00, 0x00, 0x00, 0x00, 0x2b, 0x00, 0x02,
    0xf0, 0x00, 0x00, 0x00, 0x00, 0x0b, 0xc0, 0x2b, 0xf0, 0x00, 0x00, 0x00, 0x00, 0x0f, 0xf3, 0xff, 0xc0, 0x00, 0x00, 0x00,
    0x00, 0x03, 0xfb, 0xff, 0x00, 0x00, 0x00, 0x00, 0x00, 0xfb, 0xfb, 0xc0, 0x00, 0x00, 0x00, 0x00, 0x0f, 0xfb, 0xf0, 0x00,
    0x00, 0x00, 0x00, 0x00, 0x0c, 0xfb, 0xf0, 0x00, 0x00, 0x00, 0x00, 0x00, 0x03, 0x30, 0xfc, 0x00, 0x00, 0x00, 0x00, 0x00,
    0x00, 0xc0, 0xfc, 0x00, 0x00, 0x00, 0x00, 0x00, 0x00, 0x00, 0xfc, 0x00, 0x00, 0x00, 0x00, 0x00, 0x00, 0x00, 0xfc, 0x00,
    0x00, 0x00, 0x00, 0x00, 0x00, 0x00, 0xfc, 0x00, 0x00, 0x00, 0x00, 0x00, 0x00, 0x00, 0xfc, 0x00, 0x00, 0x00, 0x00, 0x00,
    0x00, 0x00, 0xfc, 0x00, 0x00, 0x00, 0x00, 0x00, 0x00, 0x03, 0x33, 0x00, 0x00, 0x00, 0x00, 0x00, 0x00, 0x00, 0x20, 0x5b,
    0x40, 0x5d, 0x00, 0x00, 0x00, 0x00, 0x00, 0x00, 0x00, 0x00, 0x15, 0x00, 0x00, 0x00, 0x00, 0x00, 0x00, 0x00, 0x54, 0x00,
    0x00, 0x00, 0x00, 0x00, 0x00, 0x01, 0x40, 0x00, 0x00, 0x00, 0x00, 0x00, 0x00, 0x01, 0x45, 0x00, 0x00, 0x00, 0x00, 0x00,
    0x54, 0x01, 0x54, 0x00, 0x00, 0x00, 0x05, 0x41, 0x45, 0x01, 0x40, 0x00, 0x00, 0x00, 0x15, 0x01, 0x45, 0x01, 0x45, 0x00,
    0x00, 0x10, 0x50, 0x01, 0x54, 0x01, 0x55, 0x00, 0x10, 0x50, 0x51, 0x41, 0x55, 0x00, 0x50, 0x00, 0x50, 0x50, 0x55, 0x00,
    0x51, 0x40, 0x00, 0x00, 0x51, 0x50, 0x50, 0x00, 0x50, 0x50, 0x00, 0x00, 0x55, 0x50, 0x51, 0x40, 0x50, 0x00, 0x00, 0x00,
    0x54, 0x50, 0x55, 0x40, 0x00, 0x00, 0x00, 0x00, 0x50, 0x50, 0x14, 0x00, 0x00, 0x00, 0x00, 0x00, 0x50, 0x40, 0x00, 0x00,
    0x00, 0x00, 0x00, 0x00, 0x40, 0x00, 0x00, 0x00, 0x00, 0x00, 0x00, 0x00, 0x00, 0x00, 0x00, 0x00, 0x00, 0x00, 0x00, 0x00,
    0x00, 0x00, 0x04, 0x00, 0x00, 0x00, 0x00, 0x00, 0x00, 0x00, 0x00, 0x00, 0x01, 0x40, 0x14, 0x00, 0x00, 0x00, 0x00, 0x00,
    0x00, 0x00, 0x00, 0x00, 0x00, 0x50, 0x14, 0x00, 0x00, 0x00, 0x00, 0x00, 0x00, 0x00, 0x00, 0x15, 0x40, 0x50, 0x50, 0x00,
    0x00, 0x00, 0x00, 0x00, 0x00, 0x00, 0x05, 0x54, 0x00, 0x14, 0x50, 0x00, 0x00, 0x00, 0x00, 0x00, 0x00, 0x00, 0x54, 0x50,
    0x00, 0x15, 0x40, 0x00, 0x00, 0x00, 0x00, 0x00, 0x00, 0x00, 0x00, 0x50, 0x00, 0x05, 0x00, 0x00, 0x00, 0x00, 0x00, 0x00,
    0x05, 0x50, 0x00, 0x50, 0x00, 0x05, 0x00, 0x00, 0x00, 0x00, 0x00, 0x01, 0x55, 0x00, 0x00, 0x50, 0x00, 0x05, 0x00, 0x00,
    0x00, 0x00, 0x00, 0x15, 0x14, 0x00, 0x00, 0x50, 0x00, 0x04, 0x00, 0x00, 0x00, 0x00, 0x04, 0x00, 0x14, 0x00, 0x00, 0x40,
    0x00, 0x04, 0x00, 0x00, 0x00, 0x00, 0x14, 0x00, 0x14, 0x00, 0x00, 0x40, 0x00, 0x00, 0x00, 0x00, 0x10, 0x14, 0x14, 0x00,
    0x14, 0x00, 0x00, 0x00, 0x00, 0x00, 0x00, 0x00, 0x50, 0x50, 0x14, 0x00, 0x14, 0x00, 0x00, 0x00, 0x00, 0x00, 0x00, 0x00,
    0x50, 0x50, 0x14, 0x00, 0x14, 0x00, 0x00, 0x00, 0x00, 0x00, 0x00, 0x00, 0x51, 0x40, 0x14, 0x00, 0x10, 0x00, 0x00, 0x00,
    0x00, 0x00, 0x00, 0x00, 0x55, 0x00, 0x14, 0x00, 0x10, 0x00, 0x00, 0x00, 0x00, 0x00, 0x00, 0x00, 0x51, 0x40, 0x10, 0x00,
    0x00, 0x00, 0x00, 0x00, 0x00, 0x00, 0x00, 0x00, 0x50, 0x50, 0x00, 0x00, 0x00, 0x00, 0x00, 0x00, 0x00, 0x00, 0x00, 0x00,
    0x50, 0x14, 0x00, 0x00, 0x00, 0x00, 0x00, 0x00, 0x00, 0x00, 0x00, 0x00, 0x40, 0x00, 0x00, 0x00, 0x00, 0x00, 0x00, 0x00,
    0x00, 0x00, 0x00, 0x00, 0xed, 0x08, 0x02, 0x0d, 0xd9, 0x14, 0x00, 0x00, 0x00, 0x00, 0x00, 0x00, 0x50, 0x6c, 0x65, 0x61,
    0x73, 0x65, 0x20, 0x74, 0x75, 0x72, 0x6e, 0x20, 0x6f, 0x6e, 0x20, 0x74, 0x68, 0x65, 0x20, 0x63, 0x6f, 0x6c, 0x6f, 0x72,
    0x20, 0x64, 0x69, 0x73, 0x70, 0x6c, 0x61, 0x79, 0x2e, 0x00, 0x54, 0x68, 0x69, 0x73, 0x20, 0x70, 0x72, 0x6f, 0x67, 0x72,
    0x61, 0x6d, 0x20, 0x72, 0x65, 0x71, 0x75, 0x69, 0x72, 0x65, 0x73, 0x20, 0x61, 0x20, 0x63, 0x6f, 0x6c, 0x6f, 0x72, 0x2f,
    0x67, 0x72, 0x61, 0x70, 0x68, 0x69, 0x63, 0x73, 0x20, 0x61, 0x64, 0x61, 0x70, 0x74, 0x65, 0x72, 0x2e, 0x00, 0x00, 0x00,
    0x00, 0x00, 0x00, 0x00, 0x00, 0x00, 0x00, 0x00, 0x00, 0x00, 0x00, 0x00, 0x00, 0x00, 0xaa, 0xaa, 0xaa, 0xaa, 0x00, 0x00,
    0x00, 0xaa, 0x00, 0x00, 0x00, 0xaa, 0xa0, 0x00, 0xaa, 0xaa, 0x80, 0x00, 0xaa, 0xaa, 0xaa, 0xaa, 0xaa, 0xaa, 0xaa, 0xaa,
    0xaa, 0xaa, 0xaa, 0xaa, 0xaa, 0xaa, 0xaa, 0xaa, 0xaa, 0xaa, 0xaa, 0xaa, 0xaa, 0xaa, 0xaa, 0xaa, 0xaa, 0xaa, 0xaa, 0xaa,
    0xaa, 0xaa, 0x00, 0x00, 0x00, 0xaa, 0x00, 0x00, 0x00, 0x0a, 0xa0, 0x00, 0x0a, 0xaa, 0x00, 0x00, 0xaa, 0xaa, 0xaa, 0xaa,
    0xaa, 0xaa, 0xaa, 0xaa, 0xaa, 0xaa, 0xaa, 0xaa, 0xaa, 0xaa, 0xaa, 0xaa, 0xaa, 0xaa, 0xaa, 0xaa, 0xaa, 0xaa, 0xaa, 0xaa,
    0xaa, 0xaa, 0xaa, 0xaa, 0xaa, 0xaa, 0xaa, 0x00, 0xaa, 0xaa, 0xa0, 0x0a, 0x80, 0x0a, 0xaa, 0x00, 0x02, 0xa8, 0x00, 0x0a,
    0xaa, 0xaa, 0xaa, 0xaa, 0xaa, 0xaa, 0xaa, 0xaa, 0xaa, 0xaa, 0xaa, 0xaa, 0xaa, 0xaa, 0xaa, 0xaa, 0xaa, 0xaa, 0xaa, 0xaa,
    0xaa, 0xaa, 0xaa, 0xaa, 0xaa, 0xaa, 0xaa, 0xaa, 0xaa, 0xaa, 0xaa, 0x00, 0xaa, 0xaa, 0xa0, 0x00, 0x00, 0xaa, 0xaa, 0x00,
    0x00, 0xa0, 0x00, 0x0a, 0xaa, 0xaa, 0xaa, 0xaa, 0xaa, 0xaa, 0xaa, 0xaa, 0xaa, 0xaa, 0xaa, 0xaa, 0xaa, 0xaa, 0xaa, 0xaa,
    0xaa, 0xaa, 0xaa, 0xaa, 0xaa, 0xaa, 0xaa, 0xaa, 0xaa, 0xaa, 0xaa, 0xaa, 0xaa, 0xaa, 0xaa, 0x00, 0xaa, 0xaa, 0xa0, 0x00,
    0x00, 0xaa, 0xaa, 0x00, 0xa0, 0x00, 0xa0, 0x0a, 0xaa, 0xaa, 0xaa, 0xaa, 0xaa, 0xaa, 0xaa, 0xaa, 0xaa, 0xaa, 0xaa, 0xaa,
    0xaa, 0xaa, 0xaa, 0xaa, 0xaa, 0xaa, 0xaa, 0xaa, 0xaa, 0xaa, 0xaa, 0xaa, 0xaa, 0xaa, 0xaa, 0xaa, 0xaa, 0xaa, 0xaa, 0x00,
    0xaa, 0xaa, 0xa0, 0x0a, 0x80, 0x0a, 0xaa, 0x00, 0xa8, 0x02, 0xa0, 0x0a, 0xaa, 0xaa, 0xaa, 0xaa, 0xaa, 0xaa, 0xaa, 0xaa,
    0xaa, 0xaa, 0xaa, 0xaa, 0xaa, 0xaa, 0xaa, 0xaa, 0xaa, 0xaa, 0xaa, 0xaa, 0xaa, 0xaa, 0xaa, 0xaa, 0xaa, 0xaa, 0xaa, 0xaa,
    0xaa, 0xaa, 0x00, 0x00, 0x00, 0xaa, 0x00, 0x00, 0x00, 0x0a, 0xa0, 0x00, 0xaa, 0x0a, 0xa0, 0x00, 0xaa, 0xaa, 0xaa, 0xaa,
    0xaa, 0xaa, 0xaa, 0xaa, 0xaa, 0xaa, 0xaa, 0xaa, 0xaa, 0xaa, 0xaa, 0xaa, 0xaa, 0xaa, 0xaa, 0xaa, 0xaa, 0xaa, 0xaa, 0xaa,
    0xaa, 0xaa, 0xaa, 0xaa, 0xaa, 0xaa, 0x00, 0x00, 0x00, 0xaa, 0x00, 0x00, 0x00, 0xaa, 0xa0, 0x00, 0xaa, 0xaa, 0xa0, 0x00,
    0xaa, 0xaa, 0xaa, 0xaa, 0xaa, 0xaa, 0xaa, 0xaa, 0xaa, 0xaa, 0xaa, 0xaa, 0xaa, 0xaa, 0xaa, 0xaa, 0xaa, 0xaa, 0xaa, 0xaa,
    0xaa, 0xaa, 0xaa, 0xaa, 0xaa, 0xaa, 0xaa, 0xaa, 0xaa, 0xaa, 0xaa, 0xaa, 0xaa, 0xaa, 0xaa, 0xaa, 0xaa, 0xaa, 0xaa, 0xaa,
    0xaa, 0xaa, 0xaa, 0xaa, 0xaa, 0xaa, 0xaa, 0xaa, 0xaa, 0xaa, 0xaa, 0xaa, 0xaa, 0xaa, 0xaa, 0xaa, 0xaa, 0xaa, 0xaa, 0xaa,
    0xaa, 0xaa, 0xaa, 0xaa, 0xaa, 0xaa, 0xaa, 0xaa, 0xaa, 0xaa, 0xaa, 0xaa, 0xaa, 0xaa, 0xaa, 0xaa, 0xaa, 0xaa, 0xaa, 0xaa,
    0xaa, 0xaa, 0xaa, 0xaa, 0xaa, 0xaa, 0xaa, 0xaa, 0xaa, 0xaa, 0xaa, 0xaa, 0xaa, 0xaa, 0xaa, 0xaa, 0xaa, 0xaa, 0xaa, 0xaa,
    0xaa, 0xaa, 0xaa, 0xaa, 0xaa, 0xaa, 0xaa, 0xaa, 0xaa, 0xaa, 0xaa, 0xaa, 0xaa, 0xaa, 0xaa, 0x00, 0x02, 0xa0, 0x00, 0x2a,
    0xa0, 0x00, 0x2a, 0x00, 0x0a, 0x00, 0x02, 0xa0, 0x0a, 0xa0, 0x2a, 0x00, 0x00, 0xa0, 0x00, 0xaa, 0xaa, 0x10, 0xa0, 0xa1,
    0x0a, 0x0a, 0xa1, 0x0a, 0xaa, 0x10, 0x8a, 0x10, 0xaa, 0xa1, 0x02, 0xa1, 0x2a, 0x21, 0x08, 0xa1, 0x08, 0xaa, 0xaa, 0x00,
    0xa0, 0xa0, 0x0a, 0x0a, 0xa0, 0x0a, 0xaa, 0x00, 0xaa, 0x00, 0xaa, 0xa0, 0x02, 0xa0, 0x2a, 0xa0, 0x0a, 0xa0, 0x0a, 0xaa,
    0xaa, 0x10, 0xa0, 0xa1, 0x0a, 0x0a, 0xa1, 0x0a, 0xaa, 0x10, 0xaa, 0x10, 0xaa, 0xa1, 0x00, 0xa1, 0x2a, 0xa1, 0x0a, 0xa1,
    0x0a, 0xaa, 0xaa, 0x00, 0x02, 0xa0, 0x00, 0x2a, 0xa0, 0x00, 0xaa, 0x00, 0x0a, 0x00, 0x0a, 0xa0, 0x00, 0xa0, 0x2a, 0xa0,
    0x0a, 0xa0, 0x00, 0xaa, 0xaa, 0x10, 0xaa, 0xa1, 0x08, 0x2a, 0xa1, 0x0a, 0xaa, 0xa1, 0x0a, 0x10, 0xaa, 0xa1, 0x08, 0x21,
    0x2a, 0xa1, 0x0a, 0xaa, 0x10, 0xaa, 0xaa, 0x00, 0xaa, 0xa0, 0x08, 0x0a, 0xa0, 0x0a, 0xaa, 0xa0, 0x0a, 0x00, 0xaa, 0xa0,
    0x08, 0x20, 0x2a, 0xa0, 0x0a, 0xaa, 0x00, 0xaa, 0xaa, 0x10, 0xaa, 0xa1, 0x0a, 0x02, 0xa1, 0x0a, 0xaa, 0x21, 0x0a, 0x10,
    0xaa, 0xa1, 0x0a, 0x00, 0x2a, 0xa1, 0x0a, 0xa2, 0x10, 0xaa, 0xaa, 0x00, 0xaa, 0xa0, 0x0a, 0x82, 0xa0, 0x00, 0x2a, 0x00,
    0x0a, 0x00, 0x02, 0xa0, 0x0a, 0x00, 0x2a, 0xa0, 0x0a, 0xa0, 0x00, 0xaa, 0xaa, 0xaa, 0xaa, 0xaa, 0xaa, 0xaa, 0xaa, 0xaa,
    0xaa, 0xaa, 0xaa, 0xaa, 0xaa, 0xaa, 0xaa, 0xaa, 0xaa, 0xaa, 0xaa, 0xaa, 0xaa, 0xaa, 0xaa, 0x80, 0x02, 0x80, 0xa8, 0x0a,
    0xaa, 0xaa, 0xaa, 0xaa, 0xaa, 0xaa, 0xaa, 0xaa, 0xaa, 0xaa, 0xaa, 0xaa, 0xaa, 0xaa, 0xaa, 0xaa, 0xaa, 0xaa, 0xaa, 0xaa,
    0xaa, 0xaa, 0xaa, 0xa8, 0x2a, 0x80, 0x00, 0x0a, 0xaa, 0xaa, 0xaa, 0xaa, 0xaa, 0xaa, 0xaa, 0xaa, 0xaa, 0xaa, 0xaa, 0xaa,
    0xaa, 0xaa, 0xaa, 0xaa, 0xaa, 0xaa, 0xaa, 0xaa, 0xaa, 0xaa, 0xaa, 0xa8, 0x2a, 0x82, 0x02, 0x0a, 0xaa, 0xaa, 0x00, 0x2a,
    0xa8, 0x0a, 0xaa, 0x02, 0xaa, 0xaa, 0xaa, 0xaa, 0xaa, 0xaa, 0xaa, 0xaa, 0x80, 0x2a, 0xaa, 0xaa, 0xaa, 0x02, 0xaa, 0xa8,
    0x2a, 0x82, 0x8a, 0x0a, 0xaa, 0xa8, 0xff, 0xca, 0xa3, 0xf2, 0xa8, 0xfc, 0xaa, 0xaa, 0xaa, 0xaa, 0xaa, 0xaa, 0xaa, 0xa8,
    0x3f, 0xca, 0xaa, 0xaa, 0xa8, 0xfc, 0x80, 0xa8, 0x2a, 0x82, 0xaa, 0x0a, 0xaa, 0xa3, 0xc0, 0xf2, 0x8f, 0x3c, 0xa3, 0xcf,
    0x2a, 0xaa, 0xaa, 0xaa, 0xaa, 0xaa, 0xaa, 0xa3, 0xfc, 0xf2, 0xaa, 0xaa, 0xa3, 0xcf, 0x3f, 0x2a, 0xaa, 0xaa, 0xaa, 0xaa,
    0xaa, 0x8f, 0x28, 0xfc, 0x3c, 0x8f, 0x0f, 0x23, 0xca, 0xaa, 0xaa, 0xaa, 0xaa, 0xaa, 0xaa, 0x8f, 0xc2, 0x3c, 0xaa, 0xaa,
    0x8f, 0x0f, 0xf0, 0xaa, 0xaa, 0xaa, 0xaa, 0xaa, 0xaa, 0x3c, 0xaa, 0x3c, 0x3c, 0x8f, 0x0f, 0x23, 0xca, 0xaa, 0xaa, 0xaa,
    0xaa, 0xaa, 0xaa, 0x8f, 0x2a, 0x82, 0xaa, 0xaa, 0x0f, 0xff, 0xca, 0xaa, 0xaa, 0xaa, 0xaa, 0xaa, 0xaa, 0x3c, 0xaa, 0x3c,
    0x3c, 0x8f, 0x0f, 0x23, 0xca, 0x02, 0xaa, 0xaa, 0xaa, 0xaa, 0xaa, 0x3f, 0x2a, 0xaa, 0xaa, 0xa8, 0xff, 0x23, 0xca, 0xaa,
    0xaa, 0xaa, 0xaa, 0xaa, 0xa8, 0xf2, 0xaa, 0x3c, 0x3c, 0x8f, 0x0f, 0x23, 0xc8, 0xfc, 0xaa, 0x0a, 0xa8, 0x2a, 0xaa, 0x3c,
    0xaa, 0xaa, 0xa8, 0x03, 0xcf, 0x23, 0xca, 0xaa, 0xaa, 0xaa, 0xaa, 0xaa, 0xa8, 0xf2, 0xaa, 0x3c, 0x8f, 0x3c, 0xa3, 0xcf,
    0x23, 0xcf, 0x28, 0xf2, 0xa3, 0xca, 0xaa, 0x3c, 0xaa, 0xaa, 0xa3, 0xf0, 0x23, 0xcf, 0x2a, 0xaa, 0xaa, 0xaa, 0xaa, 0xaa,
    0xa8, 0xf2, 0xaa, 0x3c, 0x8f, 0x3c, 0xa3, 0xcf, 0x23, 0x23, 0x23, 0xfc, 0xa3, 0xca, 0xaa, 0x3f, 0x2a, 0xaa, 0x0f, 0x3c,
    0xa3, 0xcf, 0x2a, 0xaa, 0xaa, 0xaa, 0xaa, 0xaa, 0xaa, 0x3c, 0xaa, 0x3c, 0xa3, 0xf2, 0xa8, 0xfc, 0xa3, 0xcf, 0x23, 0xcf,
    0x0f, 0xca, 0xaa, 0x8f, 0x2a, 0x82, 0x3c, 0x8c, 0xa8, 0xfc, 0xa2, 0xaa, 0xaa, 0xaa, 0xaa, 0xaa, 0xaa, 0x3c, 0x28, 0xfc,
    0x8f, 0xf2, 0xa3, 0xfc, 0xa8, 0xfc, 0xa3, 0xcf, 0x0f, 0xc0, 0xaa, 0x8f, 0xc2, 0x3c, 0x3c, 0x8c, 0xa3, 0xfc, 0x8c, 0xaa,
    0xaa, 0xaa, 0xaa, 0xaa, 0xaa, 0x8f, 0xc3, 0xfc, 0x3c, 0xfc, 0x0f, 0x3f, 0x03, 0xcf, 0x0f, 0xc3, 0xff, 0xcf, 0x2a, 0xa3,
    0xfc, 0xf2, 0x8f, 0x3f, 0x0f, 0x3f, 0x3c, 0xaa, 0xaa, 0xaa, 0xaa, 0xaa, 0xaa, 0xa0, 0xff, 0x0f, 0xf2, 0x0f, 0xfc, 0x83,
    0xff, 0x23, 0xff, 0x23, 0xf3, 0xfc, 0xaa, 0xa8, 0x3f, 0xca, 0xa3, 0xf3, 0xfc, 0x83, 0xf2, 0xaa, 0xaa, 0xaa, 0xaa, 0xaa,
    0xaa, 0xaa, 0x00, 0xa0, 0x0a, 0xa0, 0x02, 0xa8, 0x00, 0xa8, 0x00, 0xa0, 0x3f, 0xc2, 0xaa, 0xaa, 0x80, 0x2a, 0xa8, 0x08,
    0x02, 0xa8, 0x0a, 0xaa, 0xaa, 0xaa, 0xaa, 0xaa, 0xaa, 0xaa, 0xaa, 0xaa, 0xaa, 0xaa, 0xaa, 0xaa, 0xaa, 0xaa, 0xaa, 0x8f,
    0xff, 0x2a, 0xaa, 0xaa, 0xaa, 0xaa, 0xaa, 0xaa, 0xaa, 0xaa, 0xaa, 0xaa, 0xaa, 0xaa, 0xaa, 0xaa, 0xaa, 0xaa, 0xaa, 0xaa,
    0xaa, 0xaa, 0xaa, 0xaa, 0xaa, 0xaa, 0xaa, 0x3c, 0x0f, 0x2a, 0xaa, 0xaa, 0xaa, 0xaa, 0xaa, 0xaa, 0xaa, 0xaa, 0xaa, 0xaa,
    0xaa, 0xaa, 0xaa, 0xaa, 0xaa, 0xaa, 0xaa, 0xaa, 0xaa, 0xaa, 0xaa, 0xaa, 0xaa, 0xaa, 0xaa, 0x3c, 0x3c, 0xaa, 0xaa, 0xaa,
    0xaa, 0xaa, 0xaa, 0xaa, 0xaa, 0xaa, 0xaa, 0xaa, 0xaa, 0xaa, 0xaa, 0xaa, 0xaa, 0xaa, 0xaa, 0xaa, 0xaa, 0xaa, 0xaa, 0xaa,
    0xaa, 0xaa, 0xaa, 0x8f, 0xf2, 0xaa, 0xaa, 0xaa, 0xaa, 0xaa, 0xaa, 0xaa, 0xaa, 0xaa, 0xaa, 0xaa, 0xaa, 0xaa, 0xaa, 0xaa,
    0xaa, 0xaa, 0xaa, 0xaa, 0xaa, 0xaa, 0xaa, 0xaa, 0xaa, 0xaa, 0xaa, 0xa0, 0x0a, 0xaa, 0xaa, 0xaa, 0xaa, 0xaa, 0xaa, 0xaa,
    0xaa, 0xaa, 0xaa, 0xaa, 0xaa, 0xaa, 0xaa, 0xaa, 0xa8, 0x00, 0xaa, 0xaa, 0xaa, 0xaa, 0x80, 0x28, 0x2a, 0xaa, 0xaa, 0xaa,
    0x08, 0x28, 0x2a, 0xaa, 0xaa, 0xaa, 0xa8, 0x00, 0xaa, 0xaa, 0xaa, 0xaa, 0xa0, 0xa8, 0x28, 0x2a, 0x0a, 0xaa, 0xa0, 0xa8,
    0x20, 0x2a, 0x0a, 0xaa, 0xa0, 0xa0, 0x82, 0x08, 0x08, 0x2a, 0xa0, 0x02, 0xaa, 0x00, 0x80, 0xaa, 0xaa, 0xaa, 0xaa, 0xa0,
    0x0a, 0xaa, 0xaa, 0xaa, 0xaa, 0x82, 0x0a, 0xaa, 0xaa, 0xaa, 0xaa, 0x08, 0x2a, 0xaa, 0xaa, 0xaa, 0xaa, 0x80, 0xaa, 0xaa,
    0xa8, 0x00, 0xaa, 0xaa, 0xa0, 0x2a, 0xa0, 0x2a, 0xa8, 0x0a, 0xaa, 0xa0, 0xaa, 0xaa, 0x80, 0xaa, 0x80, 0xaa, 0xaa, 0xaa,
    0xaa, 0xaa, 0xaa, 0xaa, 0xaa, 0xaa, 0xaa, 0xaa, 0x80, 0x28, 0x2a, 0xaa, 0x82, 0x0a, 0x82, 0x0a, 0x20, 0x82, 0xaa, 0xa0,
    0xaa, 0xaa, 0x08, 0x2a, 0x08, 0x2a, 0xaa, 0xaa, 0xaa, 0xaa, 0xaa, 0xaa, 0xaa, 0xaa, 0xaa, 0xaa, 0x08, 0x28, 0x2a, 0x0a,
    0x82, 0x0a, 0x82, 0x0a, 0x82, 0x82, 0x82, 0x82, 0xa0, 0xaa, 0x08, 0x2a, 0x08, 0x2a, 0x0a, 0xaa, 0xaa, 0xaa, 0xaa, 0xaa,
    0xaa, 0xaa, 0xaa, 0xaa, 0xa8, 0x00, 0xaa, 0xaa, 0x08, 0x2a, 0x08, 0x2a, 0xaa, 0x82, 0x02, 0x82, 0xaa, 0xa8, 0x20, 0xa8,
    0x20, 0xaa, 0xaa, 0xa0, 0x0a, 0x80, 0x20, 0x20, 0x2a, 0x80, 0x2a, 0xaa, 0xa0, 0xa8, 0x28, 0x0a, 0x08, 0x2a, 0x08, 0x2a,
    0xaa, 0x0a, 0x02, 0x82, 0x80, 0xa8, 0x20, 0xa8, 0x20, 0xa8, 0x2a, 0x82, 0x0a, 0x82, 0x02, 0x02, 0x0a, 0x82, 0x0a, 0xaa,
    0xa0, 0xa8, 0x28, 0x0a, 0x80, 0xaa, 0x80, 0xaa, 0xaa, 0x08, 0x22, 0x0a, 0x80, 0xaa, 0x02, 0xaa, 0x02, 0xa0, 0x2a, 0x0a,
    0x0a, 0x0a, 0x0a, 0x0a, 0x0a, 0x0a, 0x82, 0xaa, 0xa0, 0xa0, 0xa0, 0x82, 0x00, 0x28, 0x00, 0x20, 0xaa, 0x00, 0xa0, 0x0a,
    0x08, 0x20, 0x00, 0xa0, 0x00, 0x82, 0x08, 0x08, 0x02, 0x08, 0x28, 0x28, 0x28, 0x20, 0x82, 0xaa, 0xa0, 0x02, 0xa0, 0xa0,
    0x2a, 0x00, 0xaa, 0x02, 0xaa, 0x02, 0xa0, 0xaa, 0x0a, 0x00, 0xa8, 0x02, 0xa8, 0x0a, 0x80, 0x80, 0x20, 0x28, 0x28, 0x2a,
    0x00, 0xa8, 0x0a, 0xaa, 0xaa, 0xa8, 0x00, 0x2a, 0xaa, 0xaa, 0xaa, 0xaa, 0xaa, 0xaa, 0xaa, 0xaa, 0xaa, 0xaa, 0xaa, 0xaa,
    0xaa, 0xaa, 0xaa, 0xaa, 0xaa, 0xaa, 0xaa, 0xaa, 0xaa, 0x82, 0xaa, 0x82, 0xaa, 0xaa, 0xaa, 0xaa, 0xaa, 0xaa, 0xaa, 0xaa,
    0xaa, 0xaa, 0xaa, 0xaa, 0xaa, 0xaa, 0xaa, 0xaa, 0xaa, 0xaa, 0xaa, 0xaa, 0xaa, 0x8a, 0xaa, 0xa2, 0xaa, 0xaa, 0xa0, 0x0a,
    0xaa, 0xaa, 0xaa, 0xaa, 0xaa, 0xaa, 0xaa, 0xaa, 0xa0, 0xaa, 0xaa, 0xaa, 0x02, 0xaa, 0xa8, 0xaa, 0xaa, 0x2a, 0x00, 0xa8,
    0xaa, 0xaa, 0x82, 0x82, 0xaa, 0xaa, 0xaa, 0xaa, 0xaa, 0xaa, 0xaa, 0xaa, 0xaa, 0xaa, 0xaa, 0xaa, 0x82, 0xaa, 0xa0, 0xaa,
    0xaa, 0x28, 0x28, 0x28, 0xaa, 0xaa, 0x0a, 0xaa, 0x80, 0x2a, 0x08, 0x0a, 0x0a, 0x0a, 0x08, 0x0a, 0x80, 0xaa, 0x80, 0x82,
    0x82, 0x0a, 0x80, 0x0a, 0xaa, 0x28, 0x2a, 0xa8, 0xaa, 0xaa, 0x0a, 0xaa, 0x0a, 0x0a, 0x82, 0x82, 0x0a, 0x0a, 0x80, 0x82,
    0xa0, 0xaa, 0x0a, 0x0a, 0x80, 0x82, 0xa0, 0xaa, 0xaa, 0x28, 0x28, 0x28, 0xaa, 0xaa, 0x0a, 0xaa, 0x0a, 0x0a, 0x82, 0x82,
    0x0a, 0x0a, 0x82, 0x82, 0xa0, 0xaa, 0x0a, 0x0a, 0x82, 0x82, 0xa0, 0xaa, 0xaa, 0x2a, 0x00, 0xa8, 0xaa, 0xaa, 0x82, 0x82,
    0x0a, 0x0a, 0x80, 0x0a, 0x80, 0x0a, 0x82, 0xaa, 0xa0, 0xaa, 0x80, 0x0a, 0x82, 0x82, 0xa0, 0x8a, 0xaa, 0x8a, 0xaa, 0xa2,
    0xaa, 0xaa, 0xa0, 0x0a, 0x80, 0x2a, 0x82, 0xaa, 0xaa, 0x0a, 0x00, 0xaa, 0x80, 0x2a, 0xaa, 0x0a, 0x02, 0x82, 0xa8, 0x2a,
    0xaa, 0x82, 0xaa, 0x82, 0xaa, 0xaa, 0xaa, 0xaa, 0xaa, 0xaa, 0x00, 0xaa, 0x00, 0x2a, 0xaa, 0xaa, 0xaa, 0xaa, 0x00, 0x2a,
    0xaa, 0xaa, 0xaa, 0xaa, 0xaa, 0xa8, 0x00, 0x2a, 0xaa, 0xaa, 0xaa, 0xaa, 0xaa, 0xaa, 0xaa, 0xaa, 0xaa, 0xaa, 0xaa, 0xaa,
    0xaa, 0xaa, 0xaa, 0xaa, 0xaa, 0xaa, 0xaa, 0xaa, 0xa0, 0xaa, 0x80, 0x2a, 0x80, 0x2a, 0xa8, 0x0a, 0x80, 0xaa, 0x0a, 0x0a,
    0x0a, 0x0a, 0xa0, 0x0a, 0xa0, 0xaa, 0x0a, 0x0a, 0x0a, 0x0a, 0x82, 0x0a, 0xa0, 0xaa, 0x80, 0x0a, 0x80, 0x2a, 0x0a, 0x0a,
    0xa0, 0xaa, 0xaa, 0x0a, 0x0a, 0x0a, 0x00, 0x02, 0xa0, 0xaa, 0xa8, 0x2a, 0x0a, 0x0a, 0xaa, 0x0a, 0x00, 0x0a, 0x80, 0xaa,
    0x80, 0x2a, 0xa8, 0x02, 0xaa, 0xaa, 0xaa, 0xaa, 0xaa, 0xaa, 0xaa, 0xaa, 0xaa, 0xaa, 0xaa, 0xaa, 0xaa, 0xaa, 0xaa, 0xaa,
    0xaa, 0xaa, 0xaa, 0xaa, 0xaa, 0xaa, 0xaa, 0xaa, 0xaa, 0xaa, 0xaa, 0xaa, 0xaa, 0xaa, 0xaa, 0xaa, 0xaa, 0xaa, 0xaa, 0xaa,
    0xaa, 0xaa, 0xaa, 0xaa, 0xaa, 0xaa, 0xaa, 0xaa, 0xaa, 0xaa, 0xaa, 0xaa, 0xaa, 0xaa, 0xaa, 0xaa, 0xaa, 0xaa, 0xaa, 0xaa,
    0xaa, 0xaa, 0xaa, 0xaa, 0xaa, 0xaa, 0xaa, 0xaa, 0xaa, 0xaa, 0xaa, 0xaa, 0xaa, 0xaa, 0xaa, 0xaa, 0xaa, 0xaa, 0xaa, 0xaa,
    0xaa, 0xaa, 0xaa, 0xaa, 0xaa, 0xaa, 0xaa, 0xaa, 0xaa, 0xaa, 0xaa, 0xaa, 0x80, 0x2a, 0x00, 0x0a, 0x0a, 0x82, 0xaa, 0xaa,
    0xa0, 0x0a, 0xaa, 0xaa, 0xaa, 0xaa, 0xaa, 0xaa, 0xaa, 0xaa, 0xaa, 0xaa, 0xa0, 0xaa, 0x82, 0x82, 0x02, 0x02, 0xaa, 0xaa,
    0x82, 0x82, 0xaa, 0xaa, 0xaa, 0xaa, 0xaa, 0xaa, 0xaa, 0xaa, 0xaa, 0xaa, 0xa0, 0xaa, 0x82, 0x82, 0x00, 0x02, 0xaa, 0xaa,
    0x0a, 0xaa, 0x80, 0x2a, 0x08, 0x0a, 0x08, 0x0a, 0xaa, 0xaa, 0xaa, 0xaa, 0xa0, 0xaa, 0x80, 0x0a, 0x00, 0x02, 0xaa, 0xaa,
    0x0a, 0xaa, 0x0a, 0x0a, 0x80, 0x82, 0x82, 0x82, 0xaa, 0xaa, 0xaa, 0xaa, 0xa0, 0xaa, 0x82, 0x82, 0x08, 0x82, 0xaa, 0xaa,
    0x0a, 0xaa, 0x0a, 0x0a, 0x82, 0x82, 0x82, 0x82, 0xaa, 0xaa, 0xaa, 0xaa, 0xa0, 0xaa, 0x82, 0x82, 0x0a, 0x82, 0xaa, 0xaa,
    0x82, 0x82, 0x0a, 0x0a, 0x82, 0xaa, 0x80, 0x0a, 0xa0, 0xaa, 0xaa, 0xaa, 0x80, 0x2a, 0x00, 0x0a, 0x0a, 0x82, 0xaa, 0xaa,
    0xa0, 0x0a, 0x80, 0x2a, 0x00, 0xaa, 0x82, 0xaa, 0xa0, 0xaa, 0xaa, 0xaa, 0xaa, 0xaa, 0xaa, 0xaa, 0xaa, 0xaa, 0xaa, 0xaa,
    0xaa, 0xaa, 0xaa, 0xaa, 0xaa, 0xaa, 0x00, 0xaa, 0xaa, 0xaa, 0xaa, 0xaa, 0xaa, 0xaa, 0xaa, 0xaa, 0xaa, 0xaa, 0xaa, 0xaa,
    0xaa, 0xaa, 0xaa, 0xaa, 0xaa, 0xaa, 0x00, 0x0a, 0x02, 0xa0, 0x2a, 0xaa, 0xaa, 0xaa, 0xaa, 0xaa, 0xaa, 0xaa, 0xaa, 0xaa,
    0xaa, 0xaa, 0xaa, 0xaa, 0xaa, 0xaa, 0xa0, 0xaa, 0x00, 0x00, 0x2a, 0xaa, 0xaa, 0xaa, 0xaa, 0xaa, 0xaa, 0xaa, 0xaa, 0xaa,
    0xaa, 0xaa, 0xaa, 0xaa, 0xaa, 0xaa, 0xa0, 0xaa, 0x08, 0x08, 0x2a, 0xaa, 0xaa, 0xaa, 0xaa, 0xaa, 0xaa, 0xaa, 0xaa, 0xaa,
    0xaa, 0xaa, 0xaa, 0xaa, 0xaa, 0xaa, 0xa0, 0xaa, 0x0a, 0x28, 0x2a, 0xaa, 0x80, 0x2a, 0xaa, 0xaa, 0xaa, 0xaa, 0x80, 0x2a,
    0xaa, 0xaa, 0xa0, 0x2a, 0xa8, 0xaa, 0xa0, 0xaa, 0x0a, 0xa8, 0x2a, 0xaa, 0x0a, 0x0a, 0xaa, 0xaa, 0xaa, 0xaa, 0x0a, 0x0a,
    0xaa, 0xaa, 0x82, 0x0a, 0xa0, 0xaa, 0xaa, 0xaa, 0xaa, 0xaa, 0xaa, 0xaa, 0x02, 0xaa, 0x0a, 0x0a, 0x00, 0x2a, 0x02, 0xaa,
    0x80, 0x2a, 0x82, 0xaa, 0x80, 0x0a, 0xaa, 0xaa, 0xaa, 0xaa, 0xaa, 0xaa, 0x80, 0xaa, 0x0a, 0x0a, 0x0a, 0x0a, 0x80, 0xaa,
    0x0a, 0x0a, 0x00, 0xaa, 0xa0, 0xaa, 0xaa, 0xaa, 0xaa, 0xaa, 0xaa, 0xaa, 0xa8, 0x0a, 0x0a, 0x0a, 0x0a, 0x0a, 0xa8, 0x0a,
    0x0a, 0x0a, 0x82, 0xaa, 0xa0, 0xaa, 0xaa, 0xaa, 0xaa, 0xaa, 0xaa, 0xaa, 0x0a, 0x0a, 0x80, 0x0a, 0x0a, 0x0a, 0x0a, 0x0a,
    0x0a, 0x0a, 0x82, 0xaa, 0xa0, 0x8a, 0xaa, 0xaa, 0xaa, 0xaa, 0xaa, 0xaa, 0x80, 0x2a, 0xaa, 0x0a, 0x0a, 0x0a, 0x80, 0x2a,
    0x80, 0x2a, 0x00, 0xaa, 0xa8, 0x2a, 0xaa, 0xaa, 0xaa, 0xaa, 0xaa, 0xaa, 0xaa, 0xaa, 0x00, 0x2a, 0xaa, 0xaa, 0xaa, 0xaa,
    0xaa, 0xaa, 0xaa, 0xaa, 0xaa, 0xaa, 0xaa, 0xaa, 0xaa, 0xaa, 0xaa, 0xaa, 0x00, 0x00, 0x00, 0x00, 0x00, 0x00, 0x00, 0xa8,
    0x68, 0x98, 0x69, 0x00, 0x00, 0x00, 0x00, 0x00, 0x00, 0x00, 0x00, 0x00, 0x00, 0x00, 0x00, 0x00, 0x44, 0x6f, 0x20, 0x79,
    0x6f, 0x75, 0x20, 0x77, 0x61, 0x6e, 0x74, 0x20, 0x74, 0x6f, 0x20, 0x75, 0x73, 0x65, 0x20, 0x61, 0x20, 0x6a, 0x6f, 0x79,
    0x73, 0x74, 0x69, 0x63, 0x6b, 0x20, 0x28, 0x59, 0x2f, 0x4e, 0x29, 0x3f, 0x00, 0x50, 0x6c, 0x65, 0x61, 0x73, 0x65, 0x20,
    0x73, 0x65, 0x6c, 0x65, 0x63, 0x74, 0x20, 0x79, 0x6f, 0x75, 0x72, 0x20, 0x73, 0x6b, 0x69, 0x6c, 0x6c, 0x20, 0x6c, 0x65,
    0x76, 0x65, 0x6c, 0x3a, 0x00, 0x20, 0x20, 0x20, 0x28, 0x4b, 0x29, 0x69, 0x74, 0x74, 0x65, 0x6e, 0x00, 0x20, 0x20, 0x20,
    0x28, 0x48, 0x29, 0x6f, 0x75, 0x73, 0x65, 0x20, 0x43, 0x61, 0x74, 0x00, 0x20, 0x20, 0x20, 0x28, 0x54, 0x29, 0x6f, 0x6d,
    0x63, 0x61, 0x74, 0x00, 0x20, 0x20, 0x20, 0x28, 0x41, 0x29, 0x6c, 0x6c, 0x65, 0x79, 0x20, 0x43, 0x61, 0x74, 0x00, 0x44,
    0x75, 0x72, 0x69, 0x6e, 0x67, 0x20, 0x70, 0x6c, 0x61, 0x79, 0x3a, 0x00, 0x20, 0x20, 0x20, 0x43, 0x74, 0x72, 0x6c, 0x2d,
    0x53, 0x20, 0x20, 0x74, 0x75, 0x72, 0x6e, 0x73, 0x20, 0x74, 0x68, 0x65, 0x20, 0x73, 0x6f, 0x75, 0x6e, 0x64, 0x20, 0x6f,
    0x6e, 0x20, 0x61, 0x6e, 0x64, 0x20, 0x6f, 0x66, 0x66, 0x2e, 0x00, 0x20, 0x20, 0x20, 0x43, 0x74, 0x72, 0x6c, 0x2d, 0x52,
    0x20, 0x20, 0x72, 0x65, 0x73, 0x74, 0x61, 0x72, 0x74, 0x73, 0x20, 0x74, 0x68, 0x65, 0x20, 0x67, 0x61, 0x6d, 0x65, 0x2e,
    0x00, 0x20, 0x20, 0x20, 0x43, 0x74, 0x72, 0x6c, 0x2d, 0x4d, 0x20, 0x20, 0x72, 0x65, 0x74, 0x75, 0x72, 0x6e, 0x73, 0x20,
    0x79, 0x6f, 0x75, 0x20, 0x74, 0x6f, 0x20, 0x74, 0x68, 0x69, 0x73, 0x20, 0x6d, 0x65, 0x6e, 0x75, 0x2e, 0x00, 0x20, 0x20,
    0x20, 0x45, 0x73, 0x63, 0x20, 0x20, 0x20, 0x20, 0x20, 0x70, 0x75, 0x74, 0x73, 0x20, 0x74, 0x68, 0x65, 0x20, 0x67, 0x61,
    0x6d, 0x65, 0x20, 0x69, 0x6e, 0x74, 0x6f, 0x20, 0x70, 0x61, 0x77, 0x73, 0x20, 0x6d, 0x6f, 0x64, 0x65, 0x2e, 0x00, 0x55,
    0x73, 0x65, 0x20, 0x74, 0x68, 0x65, 0x20, 0x63, 0x75, 0x72, 0x73, 0x6f, 0x72, 0x20, 0x6b, 0x65, 0x79, 0x73, 0x20, 0x74,
    0x6f, 0x20, 0x63, 0x6f, 0x6e, 0x74, 0x72, 0x6f, 0x6c, 0x20, 0x74, 0x68, 0x65, 0x20, 0x63, 0x61, 0x74, 0x2e, 0x00, 0x54,
    0x68, 0x65, 0x20, 0x41, 0x6c, 0x74, 0x20, 0x6b, 0x65, 0x79, 0x20, 0x70, 0x65, 0x72, 0x66, 0x6f, 0x72, 0x6d, 0x73, 0x20,
    0x73, 0x70, 0x65, 0x63, 0x69, 0x61, 0x6c, 0x20, 0x61, 0x63, 0x74, 0x69, 0x6f, 0x6e, 0x73, 0x2e, 0x00, 0x50, 0x72, 0x65,
    0x73, 0x73, 0x20, 0x61, 0x6e, 0x79, 0x20, 0x6b, 0x65, 0x79, 0x20, 0x74, 0x6f, 0x20, 0x73, 0x74, 0x61, 0x72, 0x74, 0x2e,
    0x00, 0x55, 0x73, 0x65, 0x20, 0x74, 0x68, 0x65, 0x20, 0x6a, 0x6f, 0x79, 0x73, 0x74, 0x69, 0x63, 0x6b, 0x20, 0x74, 0x6f,
    0x20, 0x63, 0x6f, 0x6e, 0x74, 0x72, 0x6f, 0x6c, 0x20, 0x74, 0x68, 0x65, 0x20, 0x63, 0x61, 0x74, 0x2e, 0x00, 0x54, 0x68,
    0x65, 0x20, 0x62, 0x75, 0x74, 0x74, 0x6f, 0x6e, 0x20, 0x70, 0x65, 0x72, 0x66, 0x6f, 0x72, 0x6d, 0x73, 0x20, 0x73, 0x70,
    0x65, 0x63, 0x69, 0x61, 0x6c, 0x20, 0x61, 0x63, 0x74, 0x69, 0x6f, 0x6e, 0x73, 0x2e, 0x00, 0x50, 0x6c, 0x65, 0x61, 0x73,
    0x65, 0x20, 0x63, 0x65, 0x6e, 0x74, 0x65, 0x72, 0x20, 0x79, 0x6f, 0x75, 0x72, 0x20, 0x6a, 0x6f, 0x79, 0x73, 0x74, 0x69,
    0x63, 0x6b, 0x20, 0x61, 0x6e, 0x64, 0x00, 0x70, 0x72, 0x65, 0x73, 0x73, 0x20, 0x74, 0x68, 0x65, 0x20, 0x6a, 0x6f, 0x79,
    0x73, 0x74, 0x69, 0x63, 0x6b, 0x20, 0x62, 0x75, 0x74, 0x74, 0x6f, 0x6e, 0x20, 0x74, 0x6f, 0x20, 0x73, 0x74, 0x61, 0x72,
    0x74, 0x2e, 0x00, 0x45, 0x69, 0x74, 0x68, 0x65, 0x72, 0x20, 0x6a, 0x6f, 0x79, 0x73, 0x74, 0x69, 0x63, 0x6b, 0x20, 0x69,
    0x73, 0x20, 0x6e, 0x6f, 0x74, 0x20, 0x61, 0x74, 0x74, 0x61, 0x63, 0x68, 0x65, 0x64, 0x20, 0x6f, 0x72, 0x00, 0x47, 0x61,
    0x6d, 0x65, 0x20, 0x43, 0x6f, 0x6e, 0x74, 0x72, 0x6f, 0x6c, 0x20, 0x41, 0x64, 0x61, 0x70, 0x74, 0x65, 0x72, 0x20, 0x69,
    0x73, 0x20, 0x6e, 0x6f, 0x74, 0x20, 0x70, 0x72, 0x65, 0x73, 0x65, 0x6e, 0x74, 0x2e, 0x00, 0x50, 0x6c, 0x65, 0x61, 0x73,
    0x65, 0x20, 0x63, 0x6f, 0x72, 0x72, 0x65, 0x63, 0x74, 0x20, 0x6f, 0x72, 0x20, 0x73, 0x65, 0x6c, 0x65, 0x63, 0x74, 0x20,
    0x6b, 0x65, 0x79, 0x62, 0x6f, 0x61, 0x72, 0x64, 0x2e, 0x00, 0x50, 0x72, 0x65, 0x73, 0x73, 0x20, 0x61, 0x6e, 0x79, 0x20,
    0x6b, 0x65, 0x79, 0x20, 0x74, 0x6f, 0x20, 0x63, 0x6f, 0x6e, 0x74, 0x69, 0x6e, 0x75, 0x65, 0x2e, 0x2e, 0x2e, 0x00, 0xa0,
    0x6a, 0xc5, 0x6a, 0xe5, 0x6a, 0xf1, 0x6a, 0x00, 0x6b, 0x0c, 0x6b, 0x1b, 0x6b, 0x28, 0x6b, 0x4f, 0x6b, 0x6d, 0x6b, 0x92,
    0x6b, 0x09, 0x6c, 0x6b, 0x6c, 0x8b, 0x6c, 0xbb, 0x6b, 0xe3, 0x6b, 0x21, 0x6c, 0x46, 0x6c, 0xaf, 0x6c, 0xd2, 0x6c, 0xf7,
    0x6c, 0x1a, 0x6d, 0x00, 0x00, 0x00, 0x02, 0x00, 0x04, 0x00, 0x05, 0x00, 0x06, 0x00, 0x07, 0x00, 0x09, 0x00, 0x0a, 0x00,
    0x0b, 0x00, 0x0c, 0x00, 0x0d, 0x00, 0x14, 0x00, 0x13, 0x00, 0x14, 0x00, 0x0f, 0x00, 0x10, 0x00, 0x0f, 0x00, 0x10, 0x00,
    0x02, 0x00, 0x03, 0x00, 0x04, 0x00, 0x06, 0x00, 0x00, 0x20, 0x20, 0x20, 0x20, 0x20, 0x20, 0x20, 0x20, 0x20, 0x20, 0x20,
    0x50, 0x61, 0x77, 0x73, 0x20, 0x47, 0x61, 0x6d, 0x65, 0x3a, 0x20, 0x20, 0x20, 0x20, 0x20, 0x20, 0x20, 0x20, 0x20, 0x20,
    0x20, 0x00, 0x20, 0x20, 0x50, 0x72, 0x65, 0x73, 0x73, 0x20, 0x61, 0x6e, 0x79, 0x20, 0x6b, 0x65, 0x79, 0x20, 0x74, 0x6f,
    0x20, 0x63, 0x6f, 0x6e, 0x74, 0x69, 0x6e, 0x75, 0x65, 0x2e, 0x2e, 0x2e, 0x20, 0x20, 0x00, 0x20, 0x50, 0x72, 0x65, 0x73,
    0x73, 0x20, 0x74, 0x68, 0x65, 0x20, 0x62, 0x75, 0x74, 0x74, 0x6f, 0x6e, 0x20, 0x74, 0x6f, 0x20, 0x63, 0x6f, 0x6e, 0x74,
    0x69, 0x6e, 0x75, 0x65, 0x2e, 0x2e, 0x2e, 0x00, 0x4b, 0x48, 0x54, 0x41, 0x00, 0x00, 0x00, 0x00, 0x00, 0x00, 0x00, 0x00,
    0x00, 0x00, 0x00, 0x00, 0x00, 0x00, 0x00, 0x00, 0x00, 0x00, 0x00, 0x00, 0x00, 0x00, 0x00, 0x00, 0x0f, 0x00, 0x00, 0x00,
    0xf0, 0x00, 0x0f, 0xf0, 0xff, 0x0f, 0xf0, 0x00, 0x0f, 0xff, 0xff, 0xff, 0xf0, 0x00, 0x0f, 0xff, 0xff, 0xff, 0xf0, 0x00,
    0x3f, 0x00, 0x3f, 0x00, 0x3c, 0x00, 0xff, 0xca, 0xff, 0xca, 0xff, 0x00, 0xff, 0xff, 0xff, 0xff, 0xff, 0x00, 0xff, 0xff,
    0xf0, 0xff, 0xff, 0x00, 0x3f, 0xf0, 0xff, 0xf0, 0xfc, 0x00, 0x0f, 0xff, 0x00, 0x0f, 0xf0, 0x00, 0x00, 0xff, 0xff, 0xff,
    0x00, 0x00, 0x00, 0x00, 0xff, 0x00, 0x00, 0x00, 0x0f, 0x00, 0x00, 0x00, 0xf0, 0x00, 0x00, 0x00, 0x00, 0x00, 0x00, 0x00,
    0x0f, 0xf0, 0xff, 0x0f, 0xf0, 0x00, 0x00, 0x00, 0x00, 0x00, 0x00, 0x00, 0x0f, 0xff, 0xff, 0xff, 0xf0, 0x00, 0x00, 0x00,
    0x00, 0x00, 0x00, 0x00, 0x0f, 0xf0, 0x3f, 0xc0, 0xf0, 0x00, 0x00, 0x00, 0x01, 0x55, 0x55, 0x50, 0x3f, 0xff, 0x0f, 0x0f,
    0xfc, 0x00, 0x00, 0x15, 0x55, 0x55, 0x55, 0x54, 0xff, 0xfa, 0x0f, 0x0a, 0xff, 0x00, 0x05, 0x55, 0x55, 0x55, 0x55, 0x55,
    0xff, 0xff, 0xf0, 0xff, 0xff, 0x00, 0x55, 0x55, 0x55, 0x54, 0x14, 0x15, 0xff, 0xff, 0x0f, 0x0f, 0xff, 0x01, 0x41, 0x41,
    0x55, 0x55, 0x50, 0x55, 0x3f, 0xff, 0x00, 0x0f, 0xfc, 0x01, 0x00, 0x00, 0x54, 0x15, 0x41, 0x55, 0x0f, 0xf0, 0x3f, 0xc0,
    0xf0, 0x01, 0x41, 0x41, 0x54, 0x15, 0x05, 0x55, 0x00, 0xff, 0xff, 0xff, 0x00, 0x05, 0x41, 0x41, 0x50, 0x54, 0x14, 0x15,
    0x00, 0x00, 0xff, 0x00, 0x00, 0x05, 0x00, 0x00, 0x50, 0x55, 0x55, 0x54, 0x00, 0x00, 0x00, 0x00, 0x14, 0x15, 0x41, 0x41,
    0x55, 0x55, 0x55, 0x50, 0x00, 0x00, 0x00, 0x00, 0x05, 0x55, 0x55, 0x55, 0x41, 0x55, 0x55, 0x40, 0x00, 0x00, 0x00, 0x00,
    0x01, 0x55, 0x55, 0x55, 0x41, 0x54, 0x00, 0x00, 0x00, 0x00, 0x00, 0x00, 0x00, 0x05, 0x55, 0x55, 0x55, 0x40, 0x00, 0x00,
    0x00, 0x00, 0x00, 0x00, 0x00, 0x00, 0x05, 0x55, 0x00, 0x00, 0x00, 0x00, 0x00, 0x00, 0x00, 0x00, 0x00, 0x00, 0x00, 0x00,
    0x00, 0x00, 0x00, 0x00, 0x00, 0x00, 0x00, 0x0a, 0x00, 0x00, 0x00, 0xa8, 0x00, 0x00, 0x0a, 0x80, 0x00, 0x00, 0xa8, 0x00,
    0x00, 0x0a, 0x80, 0x00, 0x00, 0xa8, 0x00, 0x00, 0x0a, 0x80, 0x00, 0x00, 0xa8, 0x00, 0x00, 0x00, 0x00, 0x00, 0x00, 0x0a,
    0x00, 0x00, 0x00, 0xa8, 0x00, 0x00, 0x0a, 0x80, 0x00, 0x00, 0xa8, 0x00, 0x02, 0x8a, 0x80, 0x00, 0x0a, 0xa8, 0x00, 0x00,
    0x2a, 0xa8, 0x00, 0x00, 0xaa, 0x00, 0x00, 0x00, 0x00, 0x00, 0x00, 0x0a, 0x00, 0x00, 0x00, 0xa8, 0x00, 0x00, 0x0a, 0x80,
    0x00, 0xa8, 0xa8, 0x00, 0x0a, 0xaa, 0xa0, 0x00, 0x2a, 0xaa, 0x00, 0x00, 0xaa, 0xaa, 0x80, 0x00, 0xaa, 0x00, 0x00, 0x00,
    0x00, 0x00, 0x00, 0x0a, 0x00, 0x00, 0x0a, 0xa8, 0x0a, 0xa0, 0xaa, 0xa0, 0x2a, 0xaa, 0xaa, 0x00, 0x2a, 0xaa, 0xa0, 0x00,
    0xaa, 0xaa, 0xaa, 0x00, 0xaa, 0xaa, 0xa8, 0x00, 0xaa, 0xa8, 0x00, 0x00, 0x0a, 0xa0, 0x00, 0x00, 0x2a, 0xaa, 0x0a, 0xa0,
    0x2a, 0xaa, 0xaa, 0xa0, 0x2a, 0xaa, 0xa0, 0x00, 0xaa, 0xaa, 0xaa, 0xa0, 0xaa, 0xaa, 0xaa, 0xa0, 0xaa, 0xaa, 0xaa, 0x00,
    0xaa, 0xa8, 0x00, 0x00, 0x0a, 0xa0, 0x00, 0x00, 0x2a, 0xa8, 0x00, 0x00, 0x2a, 0xa8, 0x00, 0x00, 0x2a, 0xa0, 0x2a, 0xa0,
    0xaa, 0xaa, 0xaa, 0xa8, 0xaa, 0xaa, 0xaa, 0xa8, 0xaa, 0xaa, 0xaa, 0x00, 0xaa, 0xa8, 0x00, 0x00, 0xa0, 0x00, 0x00, 0x00,
    0x2a, 0x00, 0x00, 0x00, 0x02, 0xa0, 0x00, 0x00, 0x00, 0x2a, 0x00, 0x00, 0x00, 0x02, 0xa0, 0x00, 0x00, 0x00, 0x2a, 0x00,
    0x00, 0x00, 0x02, 0xa0, 0x00, 0x00, 0x00, 0x2a, 0xa0, 0x00, 0x00, 0x00, 0x2a, 0x00, 0x00, 0x00, 0x02, 0xa0, 0x00, 0x00,
    0x00, 0x2a, 0x00, 0x00, 0x00, 0x02, 0xa2, 0x80, 0x00, 0x00, 0x2a, 0xa0, 0x00, 0x00, 0x2a, 0xa8, 0x00, 0x00, 0x00, 0xaa,
    0xa0, 0x00, 0x00, 0x00, 0x2a, 0x00, 0x00, 0x00, 0x02, 0xa0, 0x00, 0x00, 0x00, 0x2a, 0x2a, 0x00, 0x00, 0x0a, 0xaa, 0xa0,
    0x00, 0x00, 0xaa, 0xa8, 0x00, 0x02, 0xaa, 0xaa, 0x00, 0x00, 0x00, 0xaa, 0xa0, 0x00, 0x00, 0x00, 0x2a, 0xa0, 0x00, 0x00,
    0x0a, 0xaa, 0x0a, 0xa0, 0x00, 0xaa, 0xaa, 0xa8, 0x00, 0x0a, 0xaa, 0xa8, 0x00, 0xaa, 0xaa, 0xaa, 0x00, 0x2a, 0xaa, 0xaa,
    0x00, 0x00, 0x2a, 0xaa, 0x00, 0x00, 0x0a, 0xa0, 0x0a, 0xa0, 0xaa, 0xa8, 0x0a, 0xaa, 0xaa, 0xa8, 0x00, 0x0a, 0xaa, 0xa8,
    0x0a, 0xaa, 0xaa, 0xaa, 0x0a, 0xaa, 0xaa, 0xaa, 0x00, 0xaa, 0xaa, 0xaa, 0x00, 0x00, 0x2a, 0xaa, 0x00, 0x00, 0x0a, 0xa0,
    0x00, 0x00, 0x2a, 0xa8, 0x00, 0x00, 0x2a, 0xa8, 0x0a, 0xa8, 0x0a, 0xa8, 0x2a, 0xaa, 0xaa, 0xaa, 0x2a, 0xaa, 0xaa, 0xaa,
    0x00, 0xaa, 0xaa, 0xaa, 0x00, 0x00, 0x2a, 0xaa, 0x00, 0x18, 0x30, 0x48, 0x60, 0x78, 0x90, 0xa8, 0x00, 0x00, 0x20, 0x00,
    0x40, 0x00, 0x60, 0x00, 0x80, 0x00, 0xa0, 0x00, 0xc0, 0x00, 0xe0, 0x00, 0x00, 0x01, 0x20, 0x01, 0x00, 0x00, 0x00, 0x00,
    0x00, 0x00, 0x00, 0x00, 0x00, 0x00, 0x00, 0x00, 0x00, 0x00, 0x00, 0x00, 0x00, 0x00, 0x00, 0x00, 0x00, 0x00, 0x00, 0x00,
    0x00, 0x00, 0x00, 0x00, 0x00, 0x00, 0x00, 0x00, 0x00, 0x00, 0x00, 0x00, 0x00, 0x00, 0x00, 0x00, 0x00, 0x00, 0x00, 0x00,
    0x00, 0x00, 0x00, 0x00, 0x20, 0x00, 0x30, 0x00, 0x40, 0x00, 0x50, 0x00, 0x60, 0x00, 0x70, 0x00, 0x80, 0x00, 0x90, 0x00,
    0xa0, 0x00, 0xb0, 0x00, 0xc0, 0x00, 0xd0, 0x00, 0xe0, 0x00, 0xf0, 0x00, 0x00, 0x01, 0x10, 0x01, 0x20, 0x01, 0x30, 0x01,
    0xbf, 0xa7, 0x8f, 0x77, 0x5f, 0x47, 0x2f, 0x17, 0x00, 0x00, 0x00, 0x00, 0x00, 0x00, 0x00, 0x00,
};
